TiempoKey,Fecha,Mes,Dia,Anio
1,2017-01-01,1,1,2017
2,2017-01-02,1,2,2017
3,2017-01-03,1,3,2017
4,2017-01-04,1,4,2017
5,2017-01-05,1,5,2017
6,2017-01-06,1,6,2017
7,2017-01-07,1,7,2017
8,2017-01-08,1,8,2017
9,2017-01-09,1,9,2017
10,2017-01-10,1,10,2017
11,2017-01-11,1,11,2017
12,2017-01-12,1,12,2017
13,2017-01-13,1,13,2017
14,2017-01-14,1,14,2017
15,2017-01-15,1,15,2017
16,2017-01-16,1,16,2017
17,2017-01-17,1,17,2017
18,2017-01-18,1,18,2017
19,2017-01-19,1,19,2017
20,2017-01-20,1,20,2017
21,2017-01-21,1,21,2017
22,2017-01-22,1,22,2017
23,2017-01-23,1,23,2017
24,2017-01-24,1,24,2017
25,2017-01-25,1,25,2017
26,2017-01-26,1,26,2017
27,2017-01-27,1,27,2017
28,2017-01-28,1,28,2017
29,2017-01-29,1,29,2017
30,2017-01-30,1,30,2017
31,2017-01-31,1,31,2017
32,2017-02-01,2,1,2017
33,2017-02-02,2,2,2017
34,2017-02-03,2,3,2017
35,2017-02-04,2,4,2017
36,2017-02-05,2,5,2017
37,2017-02-06,2,6,2017
38,2017-02-07,2,7,2017
39,2017-02-08,2,8,2017
40,2017-02-09,2,9,2017
41,2017-02-10,2,10,2017
42,2017-02-11,2,11,2017
43,2017-02-12,2,12,2017
44,2017-02-13,2,13,2017
45,2017-02-14,2,14,2017
46,2017-02-15,2,15,2017
47,2017-02-16,2,16,2017
48,2017-02-17,2,17,2017
49,2017-02-18,2,18,2017
50,2017-02-19,2,19,2017
51,2017-02-20,2,20,2017
52,2017-02-21,2,21,2017
53,2017-02-22,2,22,2017
54,2017-02-23,2,23,2017
55,2017-02-24,2,24,2017
56,2017-02-25,2,25,2017
57,2017-02-26,2,26,2017
58,2017-02-27,2,27,2017
59,2017-02-28,2,28,2017
60,2017-03-01,3,1,2017
61,2017-03-02,3,2,2017
62,2017-03-03,3,3,2017
63,2017-03-04,3,4,2017
64,2017-03-05,3,5,2017
65,2017-03-06,3,6,2017
66,2017-03-07,3,7,2017
67,2017-03-08,3,8,2017
68,2017-03-09,3,9,2017
69,2017-03-10,3,10,2017
70,2017-03-11,3,11,2017
71,2017-03-12,3,12,2017
72,2017-03-13,3,13,2017
73,2017-03-14,3,14,2017
74,2017-03-15,3,15,2017
75,2017-03-16,3,16,2017
76,2017-03-17,3,17,2017
77,2017-03-18,3,18,2017
78,2017-03-19,3,19,2017
79,2017-03-20,3,20,2017
80,2017-03-21,3,21,2017
81,2017-03-22,3,22,2017
82,2017-03-23,3,23,2017
83,2017-03-24,3,24,2017
84,2017-03-25,3,25,2017
85,2017-03-26,3,26,2017
86,2017-03-27,3,27,2017
87,2017-03-28,3,28,2017
88,2017-03-29,3,29,2017
89,2017-03-30,3,30,2017
90,2017-03-31,3,31,2017
91,2017-04-01,4,1,2017
92,2017-04-02,4,2,2017
93,2017-04-03,4,3,2017
94,2017-04-04,4,4,2017
95,2017-04-05,4,5,2017
96,2017-04-06,4,6,2017
97,2017-04-07,4,7,2017
98,2017-04-08,4,8,2017
99,2017-04-09,4,9,2017
100,2017-04-10,4,10,2017
101,2017-04-11,4,11,2017
102,2017-04-12,4,12,2017
103,2017-04-13,4,13,2017
104,2017-04-14,4,14,2017
105,2017-04-15,4,15,2017
106,2017-04-16,4,16,2017
107,2017-04-17,4,17,2017
108,2017-04-18,4,18,2017
109,2017-04-19,4,19,2017
110,2017-04-20,4,20,2017
111,2017-04-21,4,21,2017
112,2017-04-22,4,22,2017
113,2017-04-23,4,23,2017
114,2017-04-24,4,24,2017
115,2017-04-25,4,25,2017
116,2017-04-26,4,26,2017
117,2017-04-27,4,27,2017
118,2017-04-28,4,28,2017
119,2017-04-29,4,29,2017
120,2017-04-30,4,30,2017
121,2017-05-01,5,1,2017
122,2017-05-02,5,2,2017
123,2017-05-03,5,3,2017
124,2017-05-04,5,4,2017
125,2017-05-05,5,5,2017
126,2017-05-06,5,6,2017
127,2017-05-07,5,7,2017
128,2017-05-08,5,8,2017
129,2017-05-09,5,9,2017
130,2017-05-10,5,10,2017
131,2017-05-11,5,11,2017
132,2017-05-12,5,12,2017
133,2017-05-13,5,13,2017
134,2017-05-14,5,14,2017
135,2017-05-15,5,15,2017
136,2017-05-16,5,16,2017
137,2017-05-17,5,17,2017
138,2017-05-18,5,18,2017
139,2017-05-19,5,19,2017
140,2017-05-20,5,20,2017
141,2017-05-21,5,21,2017
142,2017-05-22,5,22,2017
143,2017-05-23,5,23,2017
144,2017-05-24,5,24,2017
145,2017-05-25,5,25,2017
146,2017-05-26,5,26,2017
147,2017-05-27,5,27,2017
148,2017-05-28,5,28,2017
149,2017-05-29,5,29,2017
150,2017-05-30,5,30,2017
151,2017-05-31,5,31,2017
152,2017-06-01,6,1,2017
153,2017-06-02,6,2,2017
154,2017-06-03,6,3,2017
155,2017-06-04,6,4,2017
156,2017-06-05,6,5,2017
157,2017-06-06,6,6,2017
158,2017-06-07,6,7,2017
159,2017-06-08,6,8,2017
160,2017-06-09,6,9,2017
161,2017-06-10,6,10,2017
162,2017-06-11,6,11,2017
163,2017-06-12,6,12,2017
164,2017-06-13,6,13,2017
165,2017-06-14,6,14,2017
166,2017-06-15,6,15,2017
167,2017-06-16,6,16,2017
168,2017-06-17,6,17,2017
169,2017-06-18,6,18,2017
170,2017-06-19,6,19,2017
171,2017-06-20,6,20,2017
172,2017-06-21,6,21,2017
173,2017-06-22,6,22,2017
174,2017-06-23,6,23,2017
175,2017-06-24,6,24,2017
176,2017-06-25,6,25,2017
177,2017-06-26,6,26,2017
178,2017-06-27,6,27,2017
179,2017-06-28,6,28,2017
180,2017-06-29,6,29,2017
181,2017-06-30,6,30,2017
182,2017-07-01,7,1,2017
183,2017-07-02,7,2,2017
184,2017-07-03,7,3,2017
185,2017-07-04,7,4,2017
186,2017-07-05,7,5,2017
187,2017-07-06,7,6,2017
188,2017-07-07,7,7,2017
189,2017-07-08,7,8,2017
190,2017-07-09,7,9,2017
191,2017-07-10,7,10,2017
192,2017-07-11,7,11,2017
193,2017-07-12,7,12,2017
194,2017-07-13,7,13,2017
195,2017-07-14,7,14,2017
196,2017-07-15,7,15,2017
197,2017-07-16,7,16,2017
198,2017-07-17,7,17,2017
199,2017-07-18,7,18,2017
200,2017-07-19,7,19,2017
201,2017-07-20,7,20,2017
202,2017-07-21,7,21,2017
203,2017-07-22,7,22,2017
204,2017-07-23,7,23,2017
205,2017-07-24,7,24,2017
206,2017-07-25,7,25,2017
207,2017-07-26,7,26,2017
208,2017-07-27,7,27,2017
209,2017-07-28,7,28,2017
210,2017-07-29,7,29,2017
211,2017-07-30,7,30,2017
212,2017-07-31,7,31,2017
213,2017-08-01,8,1,2017
214,2017-08-02,8,2,2017
215,2017-08-03,8,3,2017
216,2017-08-04,8,4,2017
217,2017-08-05,8,5,2017
218,2017-08-06,8,6,2017
219,2017-08-07,8,7,2017
220,2017-08-08,8,8,2017
221,2017-08-09,8,9,2017
222,2017-08-10,8,10,2017
223,2017-08-11,8,11,2017
224,2017-08-12,8,12,2017
225,2017-08-13,8,13,2017
226,2017-08-14,8,14,2017
227,2017-08-15,8,15,2017
228,2017-08-16,8,16,2017
229,2017-08-17,8,17,2017
230,2017-08-18,8,18,2017
231,2017-08-19,8,19,2017
232,2017-08-20,8,20,2017
233,2017-08-21,8,21,2017
234,2017-08-22,8,22,2017
235,2017-08-23,8,23,2017
236,2017-08-24,8,24,2017
237,2017-08-25,8,25,2017
238,2017-08-26,8,26,2017
239,2017-08-27,8,27,2017
240,2017-08-28,8,28,2017
241,2017-08-29,8,29,2017
242,2017-08-30,8,30,2017
243,2017-08-31,8,31,2017
244,2017-09-01,9,1,2017
245,2017-09-02,9,2,2017
246,2017-09-03,9,3,2017
247,2017-09-04,9,4,2017
248,2017-09-05,9,5,2017
249,2017-09-06,9,6,2017
250,2017-09-07,9,7,2017
251,2017-09-08,9,8,2017
252,2017-09-09,9,9,2017
253,2017-09-10,9,10,2017
254,2017-09-11,9,11,2017
255,2017-09-12,9,12,2017
256,2017-09-13,9,13,2017
257,2017-09-14,9,14,2017
258,2017-09-15,9,15,2017
259,2017-09-16,9,16,2017
260,2017-09-17,9,17,2017
261,2017-09-18,9,18,2017
262,2017-09-19,9,19,2017
263,2017-09-20,9,20,2017
264,2017-09-21,9,21,2017
265,2017-09-22,9,22,2017
266,2017-09-23,9,23,2017
267,2017-09-24,9,24,2017
268,2017-09-25,9,25,2017
269,2017-09-26,9,26,2017
270,2017-09-27,9,27,2017
271,2017-09-28,9,28,2017
272,2017-09-29,9,29,2017
273,2017-09-30,9,30,2017
274,2017-10-01,10,1,2017
275,2017-10-02,10,2,2017
276,2017-10-03,10,3,2017
277,2017-10-04,10,4,2017
278,2017-10-05,10,5,2017
279,2017-10-06,10,6,2017
280,2017-10-07,10,7,2017
281,2017-10-08,10,8,2017
282,2017-10-09,10,9,2017
283,2017-10-10,10,10,2017
284,2017-10-11,10,11,2017
285,2017-10-12,10,12,2017
286,2017-10-13,10,13,2017
287,2017-10-14,10,14,2017
288,2017-10-15,10,15,2017
289,2017-10-16,10,16,2017
290,2017-10-17,10,17,2017
291,2017-10-18,10,18,2017
292,2017-10-19,10,19,2017
293,2017-10-20,10,20,2017
294,2017-10-21,10,21,2017
295,2017-10-22,10,22,2017
296,2017-10-23,10,23,2017
297,2017-10-24,10,24,2017
298,2017-10-25,10,25,2017
299,2017-10-26,10,26,2017
300,2017-10-27,10,27,2017
301,2017-10-28,10,28,2017
302,2017-10-29,10,29,2017
303,2017-10-30,10,30,2017
304,2017-10-31,10,31,2017
305,2017-11-01,11,1,2017
306,2017-11-02,11,2,2017
307,2017-11-03,11,3,2017
308,2017-11-04,11,4,2017
309,2017-11-05,11,5,2017
310,2017-11-06,11,6,2017
311,2017-11-07,11,7,2017
312,2017-11-08,11,8,2017
313,2017-11-09,11,9,2017
314,2017-11-10,11,10,2017
315,2017-11-11,11,11,2017
316,2017-11-12,11,12,2017
317,2017-11-13,11,13,2017
318,2017-11-14,11,14,2017
319,2017-11-15,11,15,2017
320,2017-11-16,11,16,2017
321,2017-11-17,11,17,2017
322,2017-11-18,11,18,2017
323,2017-11-19,11,19,2017
324,2017-11-20,11,20,2017
325,2017-11-21,11,21,2017
326,2017-11-22,11,22,2017
327,2017-11-23,11,23,2017
328,2017-11-24,11,24,2017
329,2017-11-25,11,25,2017
330,2017-11-26,11,26,2017
331,2017-11-27,11,27,2017
332,2017-11-28,11,28,2017
333,2017-11-29,11,29,2017
334,2017-11-30,11,30,2017
335,2017-12-01,12,1,2017
336,2017-12-02,12,2,2017
337,2017-12-03,12,3,2017
338,2017-12-04,12,4,2017
339,2017-12-05,12,5,2017
340,2017-12-06,12,6,2017
341,2017-12-07,12,7,2017
342,2017-12-08,12,8,2017
343,2017-12-09,12,9,2017
344,2017-12-10,12,10,2017
345,2017-12-11,12,11,2017
346,2017-12-12,12,12,2017
347,2017-12-13,12,13,2017
348,2017-12-14,12,14,2017
349,2017-12-15,12,15,2017
350,2017-12-16,12,16,2017
351,2017-12-17,12,17,2017
352,2017-12-18,12,18,2017
353,2017-12-19,12,19,2017
354,2017-12-20,12,20,2017
355,2017-12-21,12,21,2017
356,2017-12-22,12,22,2017
357,2017-12-23,12,23,2017
358,2017-12-24,12,24,2017
359,2017-12-25,12,25,2017
360,2017-12-26,12,26,2017
361,2017-12-27,12,27,2017
362,2017-12-28,12,28,2017
363,2017-12-29,12,29,2017
364,2017-12-30,12,30,2017
365,2017-12-31,12,31,2017
366,2018-01-01,1,1,2018
367,2018-01-02,1,2,2018
368,2018-01-03,1,3,2018
369,2018-01-04,1,4,2018
370,2018-01-05,1,5,2018
371,2018-01-06,1,6,2018
372,2018-01-07,1,7,2018
373,2018-01-08,1,8,2018
374,2018-01-09,1,9,2018
375,2018-01-10,1,10,2018
376,2018-01-11,1,11,2018
377,2018-01-12,1,12,2018
378,2018-01-13,1,13,2018
379,2018-01-14,1,14,2018
380,2018-01-15,1,15,2018
381,2018-01-16,1,16,2018
382,2018-01-17,1,17,2018
383,2018-01-18,1,18,2018
384,2018-01-19,1,19,2018
385,2018-01-20,1,20,2018
386,2018-01-21,1,21,2018
387,2018-01-22,1,22,2018
388,2018-01-23,1,23,2018
389,2018-01-24,1,24,2018
390,2018-01-25,1,25,2018
391,2018-01-26,1,26,2018
392,2018-01-27,1,27,2018
393,2018-01-28,1,28,2018
394,2018-01-29,1,29,2018
395,2018-01-30,1,30,2018
396,2018-01-31,1,31,2018
397,2018-02-01,2,1,2018
398,2018-02-02,2,2,2018
399,2018-02-03,2,3,2018
400,2018-02-04,2,4,2018
401,2018-02-05,2,5,2018
402,2018-02-06,2,6,2018
403,2018-02-07,2,7,2018
404,2018-02-08,2,8,2018
405,2018-02-09,2,9,2018
406,2018-02-10,2,10,2018
407,2018-02-11,2,11,2018
408,2018-02-12,2,12,2018
409,2018-02-13,2,13,2018
410,2018-02-14,2,14,2018
411,2018-02-15,2,15,2018
412,2018-02-16,2,16,2018
413,2018-02-17,2,17,2018
414,2018-02-18,2,18,2018
415,2018-02-19,2,19,2018
416,2018-02-20,2,20,2018
417,2018-02-21,2,21,2018
418,2018-02-22,2,22,2018
419,2018-02-23,2,23,2018
420,2018-02-24,2,24,2018
421,2018-02-25,2,25,2018
422,2018-02-26,2,26,2018
423,2018-02-27,2,27,2018
424,2018-02-28,2,28,2018
425,2018-03-01,3,1,2018
426,2018-03-02,3,2,2018
427,2018-03-03,3,3,2018
428,2018-03-04,3,4,2018
429,2018-03-05,3,5,2018
430,2018-03-06,3,6,2018
431,2018-03-07,3,7,2018
432,2018-03-08,3,8,2018
433,2018-03-09,3,9,2018
434,2018-03-10,3,10,2018
435,2018-03-11,3,11,2018
436,2018-03-12,3,12,2018
437,2018-03-13,3,13,2018
438,2018-03-14,3,14,2018
439,2018-03-15,3,15,2018
440,2018-03-16,3,16,2018
441,2018-03-17,3,17,2018
442,2018-03-18,3,18,2018
443,2018-03-19,3,19,2018
444,2018-03-20,3,20,2018
445,2018-03-21,3,21,2018
446,2018-03-22,3,22,2018
447,2018-03-23,3,23,2018
448,2018-03-24,3,24,2018
449,2018-03-25,3,25,2018
450,2018-03-26,3,26,2018
451,2018-03-27,3,27,2018
452,2018-03-28,3,28,2018
453,2018-03-29,3,29,2018
454,2018-03-30,3,30,2018
455,2018-03-31,3,31,2018
456,2018-04-01,4,1,2018
457,2018-04-02,4,2,2018
458,2018-04-03,4,3,2018
459,2018-04-04,4,4,2018
460,2018-04-05,4,5,2018
461,2018-04-06,4,6,2018
462,2018-04-07,4,7,2018
463,2018-04-08,4,8,2018
464,2018-04-09,4,9,2018
465,2018-04-10,4,10,2018
466,2018-04-11,4,11,2018
467,2018-04-12,4,12,2018
468,2018-04-13,4,13,2018
469,2018-04-14,4,14,2018
470,2018-04-15,4,15,2018
471,2018-04-16,4,16,2018
472,2018-04-17,4,17,2018
473,2018-04-18,4,18,2018
474,2018-04-19,4,19,2018
475,2018-04-20,4,20,2018
476,2018-04-21,4,21,2018
477,2018-04-22,4,22,2018
478,2018-04-23,4,23,2018
479,2018-04-24,4,24,2018
480,2018-04-25,4,25,2018
481,2018-04-26,4,26,2018
482,2018-04-27,4,27,2018
483,2018-04-28,4,28,2018
484,2018-04-29,4,29,2018
485,2018-04-30,4,30,2018
486,2018-05-01,5,1,2018
487,2018-05-02,5,2,2018
488,2018-05-03,5,3,2018
489,2018-05-04,5,4,2018
490,2018-05-05,5,5,2018
491,2018-05-06,5,6,2018
492,2018-05-07,5,7,2018
493,2018-05-08,5,8,2018
494,2018-05-09,5,9,2018
495,2018-05-10,5,10,2018
496,2018-05-11,5,11,2018
497,2018-05-12,5,12,2018
498,2018-05-13,5,13,2018
499,2018-05-14,5,14,2018
500,2018-05-15,5,15,2018
501,2018-05-16,5,16,2018
502,2018-05-17,5,17,2018
503,2018-05-18,5,18,2018
504,2018-05-19,5,19,2018
505,2018-05-20,5,20,2018
506,2018-05-21,5,21,2018
507,2018-05-22,5,22,2018
508,2018-05-23,5,23,2018
509,2018-05-24,5,24,2018
510,2018-05-25,5,25,2018
511,2018-05-26,5,26,2018
512,2018-05-27,5,27,2018
513,2018-05-28,5,28,2018
514,2018-05-29,5,29,2018
515,2018-05-30,5,30,2018
516,2018-05-31,5,31,2018
517,2018-06-01,6,1,2018
518,2018-06-02,6,2,2018
519,2018-06-03,6,3,2018
520,2018-06-04,6,4,2018
521,2018-06-05,6,5,2018
522,2018-06-06,6,6,2018
523,2018-06-07,6,7,2018
524,2018-06-08,6,8,2018
525,2018-06-09,6,9,2018
526,2018-06-10,6,10,2018
527,2018-06-11,6,11,2018
528,2018-06-12,6,12,2018
529,2018-06-13,6,13,2018
530,2018-06-14,6,14,2018
531,2018-06-15,6,15,2018
532,2018-06-16,6,16,2018
533,2018-06-17,6,17,2018
534,2018-06-18,6,18,2018
535,2018-06-19,6,19,2018
536,2018-06-20,6,20,2018
537,2018-06-21,6,21,2018
538,2018-06-22,6,22,2018
539,2018-06-23,6,23,2018
540,2018-06-24,6,24,2018
541,2018-06-25,6,25,2018
542,2018-06-26,6,26,2018
543,2018-06-27,6,27,2018
544,2018-06-28,6,28,2018
545,2018-06-29,6,29,2018
546,2018-06-30,6,30,2018
547,2018-07-01,7,1,2018
548,2018-07-02,7,2,2018
549,2018-07-03,7,3,2018
550,2018-07-04,7,4,2018
551,2018-07-05,7,5,2018
552,2018-07-06,7,6,2018
553,2018-07-07,7,7,2018
554,2018-07-08,7,8,2018
555,2018-07-09,7,9,2018
556,2018-07-10,7,10,2018
557,2018-07-11,7,11,2018
558,2018-07-12,7,12,2018
559,2018-07-13,7,13,2018
560,2018-07-14,7,14,2018
561,2018-07-15,7,15,2018
562,2018-07-16,7,16,2018
563,2018-07-17,7,17,2018
564,2018-07-18,7,18,2018
565,2018-07-19,7,19,2018
566,2018-07-20,7,20,2018
567,2018-07-21,7,21,2018
568,2018-07-22,7,22,2018
569,2018-07-23,7,23,2018
570,2018-07-24,7,24,2018
571,2018-07-25,7,25,2018
572,2018-07-26,7,26,2018
573,2018-07-27,7,27,2018
574,2018-07-28,7,28,2018
575,2018-07-29,7,29,2018
576,2018-07-30,7,30,2018
577,2018-07-31,7,31,2018
578,2018-08-01,8,1,2018
579,2018-08-02,8,2,2018
580,2018-08-03,8,3,2018
581,2018-08-04,8,4,2018
582,2018-08-05,8,5,2018
583,2018-08-06,8,6,2018
584,2018-08-07,8,7,2018
585,2018-08-08,8,8,2018
586,2018-08-09,8,9,2018
587,2018-08-10,8,10,2018
588,2018-08-11,8,11,2018
589,2018-08-12,8,12,2018
590,2018-08-13,8,13,2018
591,2018-08-14,8,14,2018
592,2018-08-15,8,15,2018
593,2018-08-16,8,16,2018
594,2018-08-17,8,17,2018
595,2018-08-18,8,18,2018
596,2018-08-19,8,19,2018
597,2018-08-20,8,20,2018
598,2018-08-21,8,21,2018
599,2018-08-22,8,22,2018
600,2018-08-23,8,23,2018
601,2018-08-24,8,24,2018
602,2018-08-25,8,25,2018
603,2018-08-26,8,26,2018
604,2018-08-27,8,27,2018
605,2018-08-28,8,28,2018
606,2018-08-29,8,29,2018
607,2018-08-30,8,30,2018
608,2018-08-31,8,31,2018
609,2018-09-01,9,1,2018
610,2018-09-02,9,2,2018
611,2018-09-03,9,3,2018
612,2018-09-04,9,4,2018
613,2018-09-05,9,5,2018
614,2018-09-06,9,6,2018
615,2018-09-07,9,7,2018
616,2018-09-08,9,8,2018
617,2018-09-09,9,9,2018
618,2018-09-10,9,10,2018
619,2018-09-11,9,11,2018
620,2018-09-12,9,12,2018
621,2018-09-13,9,13,2018
622,2018-09-14,9,14,2018
623,2018-09-15,9,15,2018
624,2018-09-16,9,16,2018
625,2018-09-17,9,17,2018
626,2018-09-18,9,18,2018
627,2018-09-19,9,19,2018
628,2018-09-20,9,20,2018
629,2018-09-21,9,21,2018
630,2018-09-22,9,22,2018
631,2018-09-23,9,23,2018
632,2018-09-24,9,24,2018
633,2018-09-25,9,25,2018
634,2018-09-26,9,26,2018
635,2018-09-27,9,27,2018
636,2018-09-28,9,28,2018
637,2018-09-29,9,29,2018
638,2018-09-30,9,30,2018
639,2018-10-01,10,1,2018
640,2018-10-02,10,2,2018
641,2018-10-03,10,3,2018
642,2018-10-04,10,4,2018
643,2018-10-05,10,5,2018
644,2018-10-06,10,6,2018
645,2018-10-07,10,7,2018
646,2018-10-08,10,8,2018
647,2018-10-09,10,9,2018
648,2018-10-10,10,10,2018
649,2018-10-11,10,11,2018
650,2018-10-12,10,12,2018
651,2018-10-13,10,13,2018
652,2018-10-14,10,14,2018
653,2018-10-15,10,15,2018
654,2018-10-16,10,16,2018
655,2018-10-17,10,17,2018
656,2018-10-18,10,18,2018
657,2018-10-19,10,19,2018
658,2018-10-20,10,20,2018
659,2018-10-21,10,21,2018
660,2018-10-22,10,22,2018
661,2018-10-23,10,23,2018
662,2018-10-24,10,24,2018
663,2018-10-25,10,25,2018
664,2018-10-26,10,26,2018
665,2018-10-27,10,27,2018
666,2018-10-28,10,28,2018
667,2018-10-29,10,29,2018
668,2018-10-30,10,30,2018
669,2018-10-31,10,31,2018
670,2018-11-01,11,1,2018
671,2018-11-02,11,2,2018
672,2018-11-03,11,3,2018
673,2018-11-04,11,4,2018
674,2018-11-05,11,5,2018
675,2018-11-06,11,6,2018
676,2018-11-07,11,7,2018
677,2018-11-08,11,8,2018
678,2018-11-09,11,9,2018
679,2018-11-10,11,10,2018
680,2018-11-11,11,11,2018
681,2018-11-12,11,12,2018
682,2018-11-13,11,13,2018
683,2018-11-14,11,14,2018
684,2018-11-15,11,15,2018
685,2018-11-16,11,16,2018
686,2018-11-17,11,17,2018
687,2018-11-18,11,18,2018
688,2018-11-19,11,19,2018
689,2018-11-20,11,20,2018
690,2018-11-21,11,21,2018
691,2018-11-22,11,22,2018
692,2018-11-23,11,23,2018
693,2018-11-24,11,24,2018
694,2018-11-25,11,25,2018
695,2018-11-26,11,26,2018
696,2018-11-27,11,27,2018
697,2018-11-28,11,28,2018
698,2018-11-29,11,29,2018
699,2018-11-30,11,30,2018
700,2018-12-01,12,1,2018
701,2018-12-02,12,2,2018
702,2018-12-03,12,3,2018
703,2018-12-04,12,4,2018
704,2018-12-05,12,5,2018
705,2018-12-06,12,6,2018
706,2018-12-07,12,7,2018
707,2018-12-08,12,8,2018
708,2018-12-09,12,9,2018
709,2018-12-10,12,10,2018
710,2018-12-11,12,11,2018
711,2018-12-12,12,12,2018
712,2018-12-13,12,13,2018
713,2018-12-14,12,14,2018
714,2018-12-15,12,15,2018
715,2018-12-16,12,16,2018
716,2018-12-17,12,17,2018
717,2018-12-18,12,18,2018
718,2018-12-19,12,19,2018
719,2018-12-20,12,20,2018
720,2018-12-21,12,21,2018
721,2018-12-22,12,22,2018
722,2018-12-23,12,23,2018
723,2018-12-24,12,24,2018
724,2018-12-25,12,25,2018
725,2018-12-26,12,26,2018
726,2018-12-27,12,27,2018
727,2018-12-28,12,28,2018
728,2018-12-29,12,29,2018
729,2018-12-30,12,30,2018
730,2018-12-31,12,31,2018
731,2019-01-01,1,1,2019
732,2019-01-02,1,2,2019
733,2019-01-03,1,3,2019
734,2019-01-04,1,4,2019
735,2019-01-05,1,5,2019
736,2019-01-06,1,6,2019
737,2019-01-07,1,7,2019
738,2019-01-08,1,8,2019
739,2019-01-09,1,9,2019
740,2019-01-10,1,10,2019
741,2019-01-11,1,11,2019
742,2019-01-12,1,12,2019
743,2019-01-13,1,13,2019
744,2019-01-14,1,14,2019
745,2019-01-15,1,15,2019
746,2019-01-16,1,16,2019
747,2019-01-17,1,17,2019
748,2019-01-18,1,18,2019
749,2019-01-19,1,19,2019
750,2019-01-20,1,20,2019
751,2019-01-21,1,21,2019
752,2019-01-22,1,22,2019
753,2019-01-23,1,23,2019
754,2019-01-24,1,24,2019
755,2019-01-25,1,25,2019
756,2019-01-26,1,26,2019
757,2019-01-27,1,27,2019
758,2019-01-28,1,28,2019
759,2019-01-29,1,29,2019
760,2019-01-30,1,30,2019
761,2019-01-31,1,31,2019
762,2019-02-01,2,1,2019
763,2019-02-02,2,2,2019
764,2019-02-03,2,3,2019
765,2019-02-04,2,4,2019
766,2019-02-05,2,5,2019
767,2019-02-06,2,6,2019
768,2019-02-07,2,7,2019
769,2019-02-08,2,8,2019
770,2019-02-09,2,9,2019
771,2019-02-10,2,10,2019
772,2019-02-11,2,11,2019
773,2019-02-12,2,12,2019
774,2019-02-13,2,13,2019
775,2019-02-14,2,14,2019
776,2019-02-15,2,15,2019
777,2019-02-16,2,16,2019
778,2019-02-17,2,17,2019
779,2019-02-18,2,18,2019
780,2019-02-19,2,19,2019
781,2019-02-20,2,20,2019
782,2019-02-21,2,21,2019
783,2019-02-22,2,22,2019
784,2019-02-23,2,23,2019
785,2019-02-24,2,24,2019
786,2019-02-25,2,25,2019
787,2019-02-26,2,26,2019
788,2019-02-27,2,27,2019
789,2019-02-28,2,28,2019
790,2019-03-01,3,1,2019
791,2019-03-02,3,2,2019
792,2019-03-03,3,3,2019
793,2019-03-04,3,4,2019
794,2019-03-05,3,5,2019
795,2019-03-06,3,6,2019
796,2019-03-07,3,7,2019
797,2019-03-08,3,8,2019
798,2019-03-09,3,9,2019
799,2019-03-10,3,10,2019
800,2019-03-11,3,11,2019
801,2019-03-12,3,12,2019
802,2019-03-13,3,13,2019
803,2019-03-14,3,14,2019
804,2019-03-15,3,15,2019
805,2019-03-16,3,16,2019
806,2019-03-17,3,17,2019
807,2019-03-18,3,18,2019
808,2019-03-19,3,19,2019
809,2019-03-20,3,20,2019
810,2019-03-21,3,21,2019
811,2019-03-22,3,22,2019
812,2019-03-23,3,23,2019
813,2019-03-24,3,24,2019
814,2019-03-25,3,25,2019
815,2019-03-26,3,26,2019
816,2019-03-27,3,27,2019
817,2019-03-28,3,28,2019
818,2019-03-29,3,29,2019
819,2019-03-30,3,30,2019
820,2019-03-31,3,31,2019
821,2019-04-01,4,1,2019
822,2019-04-02,4,2,2019
823,2019-04-03,4,3,2019
824,2019-04-04,4,4,2019
825,2019-04-05,4,5,2019
826,2019-04-06,4,6,2019
827,2019-04-07,4,7,2019
828,2019-04-08,4,8,2019
829,2019-04-09,4,9,2019
830,2019-04-10,4,10,2019
831,2019-04-11,4,11,2019
832,2019-04-12,4,12,2019
833,2019-04-13,4,13,2019
834,2019-04-14,4,14,2019
835,2019-04-15,4,15,2019
836,2019-04-16,4,16,2019
837,2019-04-17,4,17,2019
838,2019-04-18,4,18,2019
839,2019-04-19,4,19,2019
840,2019-04-20,4,20,2019
841,2019-04-21,4,21,2019
842,2019-04-22,4,22,2019
843,2019-04-23,4,23,2019
844,2019-04-24,4,24,2019
845,2019-04-25,4,25,2019
846,2019-04-26,4,26,2019
847,2019-04-27,4,27,2019
848,2019-04-28,4,28,2019
849,2019-04-29,4,29,2019
850,2019-04-30,4,30,2019
851,2019-05-01,5,1,2019
852,2019-05-02,5,2,2019
853,2019-05-03,5,3,2019
854,2019-05-04,5,4,2019
855,2019-05-05,5,5,2019
856,2019-05-06,5,6,2019
857,2019-05-07,5,7,2019
858,2019-05-08,5,8,2019
859,2019-05-09,5,9,2019
860,2019-05-10,5,10,2019
861,2019-05-11,5,11,2019
862,2019-05-12,5,12,2019
863,2019-05-13,5,13,2019
864,2019-05-14,5,14,2019
865,2019-05-15,5,15,2019
866,2019-05-16,5,16,2019
867,2019-05-17,5,17,2019
868,2019-05-18,5,18,2019
869,2019-05-19,5,19,2019
870,2019-05-20,5,20,2019
871,2019-05-21,5,21,2019
872,2019-05-22,5,22,2019
873,2019-05-23,5,23,2019
874,2019-05-24,5,24,2019
875,2019-05-25,5,25,2019
876,2019-05-26,5,26,2019
877,2019-05-27,5,27,2019
878,2019-05-28,5,28,2019
879,2019-05-29,5,29,2019
880,2019-05-30,5,30,2019
881,2019-05-31,5,31,2019
882,2019-06-01,6,1,2019
883,2019-06-02,6,2,2019
884,2019-06-03,6,3,2019
885,2019-06-04,6,4,2019
886,2019-06-05,6,5,2019
887,2019-06-06,6,6,2019
888,2019-06-07,6,7,2019
889,2019-06-08,6,8,2019
890,2019-06-09,6,9,2019
891,2019-06-10,6,10,2019
892,2019-06-11,6,11,2019
893,2019-06-12,6,12,2019
894,2019-06-13,6,13,2019
895,2019-06-14,6,14,2019
896,2019-06-15,6,15,2019
897,2019-06-16,6,16,2019
898,2019-06-17,6,17,2019
899,2019-06-18,6,18,2019
900,2019-06-19,6,19,2019
901,2019-06-20,6,20,2019
902,2019-06-21,6,21,2019
903,2019-06-22,6,22,2019
904,2019-06-23,6,23,2019
905,2019-06-24,6,24,2019
906,2019-06-25,6,25,2019
907,2019-06-26,6,26,2019
908,2019-06-27,6,27,2019
909,2019-06-28,6,28,2019
910,2019-06-29,6,29,2019
911,2019-06-30,6,30,2019
912,2019-07-01,7,1,2019
913,2019-07-02,7,2,2019
914,2019-07-03,7,3,2019
915,2019-07-04,7,4,2019
916,2019-07-05,7,5,2019
917,2019-07-06,7,6,2019
918,2019-07-07,7,7,2019
919,2019-07-08,7,8,2019
920,2019-07-09,7,9,2019
921,2019-07-10,7,10,2019
922,2019-07-11,7,11,2019
923,2019-07-12,7,12,2019
924,2019-07-13,7,13,2019
925,2019-07-14,7,14,2019
926,2019-07-15,7,15,2019
927,2019-07-16,7,16,2019
928,2019-07-17,7,17,2019
929,2019-07-18,7,18,2019
930,2019-07-19,7,19,2019
931,2019-07-20,7,20,2019
932,2019-07-21,7,21,2019
933,2019-07-22,7,22,2019
934,2019-07-23,7,23,2019
935,2019-07-24,7,24,2019
936,2019-07-25,7,25,2019
937,2019-07-26,7,26,2019
938,2019-07-27,7,27,2019
939,2019-07-28,7,28,2019
940,2019-07-29,7,29,2019
941,2019-07-30,7,30,2019
942,2019-07-31,7,31,2019
943,2019-08-01,8,1,2019
944,2019-08-02,8,2,2019
945,2019-08-03,8,3,2019
946,2019-08-04,8,4,2019
947,2019-08-05,8,5,2019
948,2019-08-06,8,6,2019
949,2019-08-07,8,7,2019
950,2019-08-08,8,8,2019
951,2019-08-09,8,9,2019
952,2019-08-10,8,10,2019
953,2019-08-11,8,11,2019
954,2019-08-12,8,12,2019
955,2019-08-13,8,13,2019
956,2019-08-14,8,14,2019
957,2019-08-15,8,15,2019
958,2019-08-16,8,16,2019
959,2019-08-17,8,17,2019
960,2019-08-18,8,18,2019
961,2019-08-19,8,19,2019
962,2019-08-20,8,20,2019
963,2019-08-21,8,21,2019
964,2019-08-22,8,22,2019
965,2019-08-23,8,23,2019
966,2019-08-24,8,24,2019
967,2019-08-25,8,25,2019
968,2019-08-26,8,26,2019
969,2019-08-27,8,27,2019
970,2019-08-28,8,28,2019
971,2019-08-29,8,29,2019
972,2019-08-30,8,30,2019
973,2019-08-31,8,31,2019
974,2019-09-01,9,1,2019
975,2019-09-02,9,2,2019
976,2019-09-03,9,3,2019
977,2019-09-04,9,4,2019
978,2019-09-05,9,5,2019
979,2019-09-06,9,6,2019
980,2019-09-07,9,7,2019
981,2019-09-08,9,8,2019
982,2019-09-09,9,9,2019
983,2019-09-10,9,10,2019
984,2019-09-11,9,11,2019
985,2019-09-12,9,12,2019
986,2019-09-13,9,13,2019
987,2019-09-14,9,14,2019
988,2019-09-15,9,15,2019
989,2019-09-16,9,16,2019
990,2019-09-17,9,17,2019
991,2019-09-18,9,18,2019
992,2019-09-19,9,19,2019
993,2019-09-20,9,20,2019
994,2019-09-21,9,21,2019
995,2019-09-22,9,22,2019
996,2019-09-23,9,23,2019
997,2019-09-24,9,24,2019
998,2019-09-25,9,25,2019
999,2019-09-26,9,26,2019
1000,2019-09-27,9,27,2019
1001,2019-09-28,9,28,2019
1002,2019-09-29,9,29,2019
1003,2019-09-30,9,30,2019
1004,2019-10-01,10,1,2019
1005,2019-10-02,10,2,2019
1006,2019-10-03,10,3,2019
1007,2019-10-04,10,4,2019
1008,2019-10-05,10,5,2019
1009,2019-10-06,10,6,2019
1010,2019-10-07,10,7,2019
1011,2019-10-08,10,8,2019
1012,2019-10-09,10,9,2019
1013,2019-10-10,10,10,2019
1014,2019-10-11,10,11,2019
1015,2019-10-12,10,12,2019
1016,2019-10-13,10,13,2019
1017,2019-10-14,10,14,2019
1018,2019-10-15,10,15,2019
1019,2019-10-16,10,16,2019
1020,2019-10-17,10,17,2019
1021,2019-10-18,10,18,2019
1022,2019-10-19,10,19,2019
1023,2019-10-20,10,20,2019
1024,2019-10-21,10,21,2019
1025,2019-10-22,10,22,2019
1026,2019-10-23,10,23,2019
1027,2019-10-24,10,24,2019
1028,2019-10-25,10,25,2019
1029,2019-10-26,10,26,2019
1030,2019-10-27,10,27,2019
1031,2019-10-28,10,28,2019
1032,2019-10-29,10,29,2019
1033,2019-10-30,10,30,2019
1034,2019-10-31,10,31,2019
1035,2019-11-01,11,1,2019
1036,2019-11-02,11,2,2019
1037,2019-11-03,11,3,2019
1038,2019-11-04,11,4,2019
1039,2019-11-05,11,5,2019
1040,2019-11-06,11,6,2019
1041,2019-11-07,11,7,2019
1042,2019-11-08,11,8,2019
1043,2019-11-09,11,9,2019
1044,2019-11-10,11,10,2019
1045,2019-11-11,11,11,2019
1046,2019-11-12,11,12,2019
1047,2019-11-13,11,13,2019
1048,2019-11-14,11,14,2019
1049,2019-11-15,11,15,2019
1050,2019-11-16,11,16,2019
1051,2019-11-17,11,17,2019
1052,2019-11-18,11,18,2019
1053,2019-11-19,11,19,2019
1054,2019-11-20,11,20,2019
1055,2019-11-21,11,21,2019
1056,2019-11-22,11,22,2019
1057,2019-11-23,11,23,2019
1058,2019-11-24,11,24,2019
1059,2019-11-25,11,25,2019
1060,2019-11-26,11,26,2019
1061,2019-11-27,11,27,2019
1062,2019-11-28,11,28,2019
1063,2019-11-29,11,29,2019
1064,2019-11-30,11,30,2019
1065,2019-12-01,12,1,2019
1066,2019-12-02,12,2,2019
1067,2019-12-03,12,3,2019
1068,2019-12-04,12,4,2019
1069,2019-12-05,12,5,2019
1070,2019-12-06,12,6,2019
1071,2019-12-07,12,7,2019
1072,2019-12-08,12,8,2019
1073,2019-12-09,12,9,2019
1074,2019-12-10,12,10,2019
1075,2019-12-11,12,11,2019
1076,2019-12-12,12,12,2019
1077,2019-12-13,12,13,2019
1078,2019-12-14,12,14,2019
1079,2019-12-15,12,15,2019
1080,2019-12-16,12,16,2019
1081,2019-12-17,12,17,2019
1082,2019-12-18,12,18,2019
1083,2019-12-19,12,19,2019
1084,2019-12-20,12,20,2019
1085,2019-12-21,12,21,2019
1086,2019-12-22,12,22,2019
1087,2019-12-23,12,23,2019
1088,2019-12-24,12,24,2019
1089,2019-12-25,12,25,2019
1090,2019-12-26,12,26,2019
1091,2019-12-27,12,27,2019
1092,2019-12-28,12,28,2019
1093,2019-12-29,12,29,2019
1094,2019-12-30,12,30,2019
1095,2019-12-31,12,31,2019
1096,2020-01-01,1,1,2020
1097,2020-01-02,1,2,2020
1098,2020-01-03,1,3,2020
1099,2020-01-04,1,4,2020
1100,2020-01-05,1,5,2020
1101,2020-01-06,1,6,2020
1102,2020-01-07,1,7,2020
1103,2020-01-08,1,8,2020
1104,2020-01-09,1,9,2020
1105,2020-01-10,1,10,2020
1106,2020-01-11,1,11,2020
1107,2020-01-12,1,12,2020
1108,2020-01-13,1,13,2020
1109,2020-01-14,1,14,2020
1110,2020-01-15,1,15,2020
1111,2020-01-16,1,16,2020
1112,2020-01-17,1,17,2020
1113,2020-01-18,1,18,2020
1114,2020-01-19,1,19,2020
1115,2020-01-20,1,20,2020
1116,2020-01-21,1,21,2020
1117,2020-01-22,1,22,2020
1118,2020-01-23,1,23,2020
1119,2020-01-24,1,24,2020
1120,2020-01-25,1,25,2020
1121,2020-01-26,1,26,2020
1122,2020-01-27,1,27,2020
1123,2020-01-28,1,28,2020
1124,2020-01-29,1,29,2020
1125,2020-01-30,1,30,2020
1126,2020-01-31,1,31,2020
1127,2020-02-01,2,1,2020
1128,2020-02-02,2,2,2020
1129,2020-02-03,2,3,2020
1130,2020-02-04,2,4,2020
1131,2020-02-05,2,5,2020
1132,2020-02-06,2,6,2020
1133,2020-02-07,2,7,2020
1134,2020-02-08,2,8,2020
1135,2020-02-09,2,9,2020
1136,2020-02-10,2,10,2020
1137,2020-02-11,2,11,2020
1138,2020-02-12,2,12,2020
1139,2020-02-13,2,13,2020
1140,2020-02-14,2,14,2020
1141,2020-02-15,2,15,2020
1142,2020-02-16,2,16,2020
1143,2020-02-17,2,17,2020
1144,2020-02-18,2,18,2020
1145,2020-02-19,2,19,2020
1146,2020-02-20,2,20,2020
1147,2020-02-21,2,21,2020
1148,2020-02-22,2,22,2020
1149,2020-02-23,2,23,2020
1150,2020-02-24,2,24,2020
1151,2020-02-25,2,25,2020
1152,2020-02-26,2,26,2020
1153,2020-02-27,2,27,2020
1154,2020-02-28,2,28,2020
1155,2020-02-29,2,29,2020
1156,2020-03-01,3,1,2020
1157,2020-03-02,3,2,2020
1158,2020-03-03,3,3,2020
1159,2020-03-04,3,4,2020
1160,2020-03-05,3,5,2020
1161,2020-03-06,3,6,2020
1162,2020-03-07,3,7,2020
1163,2020-03-08,3,8,2020
1164,2020-03-09,3,9,2020
1165,2020-03-10,3,10,2020
1166,2020-03-11,3,11,2020
1167,2020-03-12,3,12,2020
1168,2020-03-13,3,13,2020
1169,2020-03-14,3,14,2020
1170,2020-03-15,3,15,2020
1171,2020-03-16,3,16,2020
1172,2020-03-17,3,17,2020
1173,2020-03-18,3,18,2020
1174,2020-03-19,3,19,2020
1175,2020-03-20,3,20,2020
1176,2020-03-21,3,21,2020
1177,2020-03-22,3,22,2020
1178,2020-03-23,3,23,2020
1179,2020-03-24,3,24,2020
1180,2020-03-25,3,25,2020
1181,2020-03-26,3,26,2020
1182,2020-03-27,3,27,2020
1183,2020-03-28,3,28,2020
1184,2020-03-29,3,29,2020
1185,2020-03-30,3,30,2020
1186,2020-03-31,3,31,2020
1187,2020-04-01,4,1,2020
1188,2020-04-02,4,2,2020
1189,2020-04-03,4,3,2020
1190,2020-04-04,4,4,2020
1191,2020-04-05,4,5,2020
1192,2020-04-06,4,6,2020
1193,2020-04-07,4,7,2020
1194,2020-04-08,4,8,2020
1195,2020-04-09,4,9,2020
1196,2020-04-10,4,10,2020
1197,2020-04-11,4,11,2020
1198,2020-04-12,4,12,2020
1199,2020-04-13,4,13,2020
1200,2020-04-14,4,14,2020
1201,2020-04-15,4,15,2020
1202,2020-04-16,4,16,2020
1203,2020-04-17,4,17,2020
1204,2020-04-18,4,18,2020
1205,2020-04-19,4,19,2020
1206,2020-04-20,4,20,2020
1207,2020-04-21,4,21,2020
1208,2020-04-22,4,22,2020
1209,2020-04-23,4,23,2020
1210,2020-04-24,4,24,2020
1211,2020-04-25,4,25,2020
1212,2020-04-26,4,26,2020
1213,2020-04-27,4,27,2020
1214,2020-04-28,4,28,2020
1215,2020-04-29,4,29,2020
1216,2020-04-30,4,30,2020
1217,2020-05-01,5,1,2020
1218,2020-05-02,5,2,2020
1219,2020-05-03,5,3,2020
1220,2020-05-04,5,4,2020
1221,2020-05-05,5,5,2020
1222,2020-05-06,5,6,2020
1223,2020-05-07,5,7,2020
1224,2020-05-08,5,8,2020
1225,2020-05-09,5,9,2020
1226,2020-05-10,5,10,2020
1227,2020-05-11,5,11,2020
1228,2020-05-12,5,12,2020
1229,2020-05-13,5,13,2020
1230,2020-05-14,5,14,2020
1231,2020-05-15,5,15,2020
1232,2020-05-16,5,16,2020
1233,2020-05-17,5,17,2020
1234,2020-05-18,5,18,2020
1235,2020-05-19,5,19,2020
1236,2020-05-20,5,20,2020
1237,2020-05-21,5,21,2020
1238,2020-05-22,5,22,2020
1239,2020-05-23,5,23,2020
1240,2020-05-24,5,24,2020
1241,2020-05-25,5,25,2020
1242,2020-05-26,5,26,2020
1243,2020-05-27,5,27,2020
1244,2020-05-28,5,28,2020
1245,2020-05-29,5,29,2020
1246,2020-05-30,5,30,2020
1247,2020-05-31,5,31,2020
1248,2020-06-01,6,1,2020
1249,2020-06-02,6,2,2020
1250,2020-06-03,6,3,2020
1251,2020-06-04,6,4,2020
1252,2020-06-05,6,5,2020
1253,2020-06-06,6,6,2020
1254,2020-06-07,6,7,2020
1255,2020-06-08,6,8,2020
1256,2020-06-09,6,9,2020
1257,2020-06-10,6,10,2020
1258,2020-06-11,6,11,2020
1259,2020-06-12,6,12,2020
1260,2020-06-13,6,13,2020
1261,2020-06-14,6,14,2020
1262,2020-06-15,6,15,2020
1263,2020-06-16,6,16,2020
1264,2020-06-17,6,17,2020
1265,2020-06-18,6,18,2020
1266,2020-06-19,6,19,2020
1267,2020-06-20,6,20,2020
1268,2020-06-21,6,21,2020
1269,2020-06-22,6,22,2020
1270,2020-06-23,6,23,2020
1271,2020-06-24,6,24,2020
1272,2020-06-25,6,25,2020
1273,2020-06-26,6,26,2020
1274,2020-06-27,6,27,2020
1275,2020-06-28,6,28,2020
1276,2020-06-29,6,29,2020
1277,2020-06-30,6,30,2020
1278,2020-07-01,7,1,2020
1279,2020-07-02,7,2,2020
1280,2020-07-03,7,3,2020
1281,2020-07-04,7,4,2020
1282,2020-07-05,7,5,2020
1283,2020-07-06,7,6,2020
1284,2020-07-07,7,7,2020
1285,2020-07-08,7,8,2020
1286,2020-07-09,7,9,2020
1287,2020-07-10,7,10,2020
1288,2020-07-11,7,11,2020
1289,2020-07-12,7,12,2020
1290,2020-07-13,7,13,2020
1291,2020-07-14,7,14,2020
1292,2020-07-15,7,15,2020
1293,2020-07-16,7,16,2020
1294,2020-07-17,7,17,2020
1295,2020-07-18,7,18,2020
1296,2020-07-19,7,19,2020
1297,2020-07-20,7,20,2020
1298,2020-07-21,7,21,2020
1299,2020-07-22,7,22,2020
1300,2020-07-23,7,23,2020
1301,2020-07-24,7,24,2020
1302,2020-07-25,7,25,2020
1303,2020-07-26,7,26,2020
1304,2020-07-27,7,27,2020
1305,2020-07-28,7,28,2020
1306,2020-07-29,7,29,2020
1307,2020-07-30,7,30,2020
1308,2020-07-31,7,31,2020
1309,2020-08-01,8,1,2020
1310,2020-08-02,8,2,2020
1311,2020-08-03,8,3,2020
1312,2020-08-04,8,4,2020
1313,2020-08-05,8,5,2020
1314,2020-08-06,8,6,2020
1315,2020-08-07,8,7,2020
1316,2020-08-08,8,8,2020
1317,2020-08-09,8,9,2020
1318,2020-08-10,8,10,2020
1319,2020-08-11,8,11,2020
1320,2020-08-12,8,12,2020
1321,2020-08-13,8,13,2020
1322,2020-08-14,8,14,2020
1323,2020-08-15,8,15,2020
1324,2020-08-16,8,16,2020
1325,2020-08-17,8,17,2020
1326,2020-08-18,8,18,2020
1327,2020-08-19,8,19,2020
1328,2020-08-20,8,20,2020
1329,2020-08-21,8,21,2020
1330,2020-08-22,8,22,2020
1331,2020-08-23,8,23,2020
1332,2020-08-24,8,24,2020
1333,2020-08-25,8,25,2020
1334,2020-08-26,8,26,2020
1335,2020-08-27,8,27,2020
1336,2020-08-28,8,28,2020
1337,2020-08-29,8,29,2020
1338,2020-08-30,8,30,2020
1339,2020-08-31,8,31,2020
1340,2020-09-01,9,1,2020
1341,2020-09-02,9,2,2020
1342,2020-09-03,9,3,2020
1343,2020-09-04,9,4,2020
1344,2020-09-05,9,5,2020
1345,2020-09-06,9,6,2020
1346,2020-09-07,9,7,2020
1347,2020-09-08,9,8,2020
1348,2020-09-09,9,9,2020
1349,2020-09-10,9,10,2020
1350,2020-09-11,9,11,2020
1351,2020-09-12,9,12,2020
1352,2020-09-13,9,13,2020
1353,2020-09-14,9,14,2020
1354,2020-09-15,9,15,2020
1355,2020-09-16,9,16,2020
1356,2020-09-17,9,17,2020
1357,2020-09-18,9,18,2020
1358,2020-09-19,9,19,2020
1359,2020-09-20,9,20,2020
1360,2020-09-21,9,21,2020
1361,2020-09-22,9,22,2020
1362,2020-09-23,9,23,2020
1363,2020-09-24,9,24,2020
1364,2020-09-25,9,25,2020
1365,2020-09-26,9,26,2020
1366,2020-09-27,9,27,2020
1367,2020-09-28,9,28,2020
1368,2020-09-29,9,29,2020
1369,2020-09-30,9,30,2020
1370,2020-10-01,10,1,2020
1371,2020-10-02,10,2,2020
1372,2020-10-03,10,3,2020
1373,2020-10-04,10,4,2020
1374,2020-10-05,10,5,2020
1375,2020-10-06,10,6,2020
1376,2020-10-07,10,7,2020
1377,2020-10-08,10,8,2020
1378,2020-10-09,10,9,2020
1379,2020-10-10,10,10,2020
1380,2020-10-11,10,11,2020
1381,2020-10-12,10,12,2020
1382,2020-10-13,10,13,2020
1383,2020-10-14,10,14,2020
1384,2020-10-15,10,15,2020
1385,2020-10-16,10,16,2020
1386,2020-10-17,10,17,2020
1387,2020-10-18,10,18,2020
1388,2020-10-19,10,19,2020
1389,2020-10-20,10,20,2020
1390,2020-10-21,10,21,2020
1391,2020-10-22,10,22,2020
1392,2020-10-23,10,23,2020
1393,2020-10-24,10,24,2020
1394,2020-10-25,10,25,2020
1395,2020-10-26,10,26,2020
1396,2020-10-27,10,27,2020
1397,2020-10-28,10,28,2020
1398,2020-10-29,10,29,2020
1399,2020-10-30,10,30,2020
1400,2020-10-31,10,31,2020
1401,2020-11-01,11,1,2020
1402,2020-11-02,11,2,2020
1403,2020-11-03,11,3,2020
1404,2020-11-04,11,4,2020
1405,2020-11-05,11,5,2020
1406,2020-11-06,11,6,2020
1407,2020-11-07,11,7,2020
1408,2020-11-08,11,8,2020
1409,2020-11-09,11,9,2020
1410,2020-11-10,11,10,2020
1411,2020-11-11,11,11,2020
1412,2020-11-12,11,12,2020
1413,2020-11-13,11,13,2020
1414,2020-11-14,11,14,2020
1415,2020-11-15,11,15,2020
1416,2020-11-16,11,16,2020
1417,2020-11-17,11,17,2020
1418,2020-11-18,11,18,2020
1419,2020-11-19,11,19,2020
1420,2020-11-20,11,20,2020
1421,2020-11-21,11,21,2020
1422,2020-11-22,11,22,2020
1423,2020-11-23,11,23,2020
1424,2020-11-24,11,24,2020
1425,2020-11-25,11,25,2020
1426,2020-11-26,11,26,2020
1427,2020-11-27,11,27,2020
1428,2020-11-28,11,28,2020
1429,2020-11-29,11,29,2020
1430,2020-11-30,11,30,2020
1431,2020-12-01,12,1,2020
1432,2020-12-02,12,2,2020
1433,2020-12-03,12,3,2020
1434,2020-12-04,12,4,2020
1435,2020-12-05,12,5,2020
1436,2020-12-06,12,6,2020
1437,2020-12-07,12,7,2020
1438,2020-12-08,12,8,2020
1439,2020-12-09,12,9,2020
1440,2020-12-10,12,10,2020
1441,2020-12-11,12,11,2020
1442,2020-12-12,12,12,2020
1443,2020-12-13,12,13,2020
1444,2020-12-14,12,14,2020
1445,2020-12-15,12,15,2020
1446,2020-12-16,12,16,2020
1447,2020-12-17,12,17,2020
1448,2020-12-18,12,18,2020
1449,2020-12-19,12,19,2020
1450,2020-12-20,12,20,2020
1451,2020-12-21,12,21,2020
1452,2020-12-22,12,22,2020
1453,2020-12-23,12,23,2020
1454,2020-12-24,12,24,2020
1455,2020-12-25,12,25,2020
1456,2020-12-26,12,26,2020
1457,2020-12-27,12,27,2020
1458,2020-12-28,12,28,2020
1459,2020-12-29,12,29,2020
1460,2020-12-30,12,30,2020
1461,2020-12-31,12,31,2020
1462,2021-01-01,1,1,2021
1463,2021-01-02,1,2,2021
1464,2021-01-03,1,3,2021
1465,2021-01-04,1,4,2021
1466,2021-01-05,1,5,2021
1467,2021-01-06,1,6,2021
1468,2021-01-07,1,7,2021
1469,2021-01-08,1,8,2021
1470,2021-01-09,1,9,2021
1471,2021-01-10,1,10,2021
1472,2021-01-11,1,11,2021
1473,2021-01-12,1,12,2021
1474,2021-01-13,1,13,2021
1475,2021-01-14,1,14,2021
1476,2021-01-15,1,15,2021
1477,2021-01-16,1,16,2021
1478,2021-01-17,1,17,2021
1479,2021-01-18,1,18,2021
1480,2021-01-19,1,19,2021
1481,2021-01-20,1,20,2021
1482,2021-01-21,1,21,2021
1483,2021-01-22,1,22,2021
1484,2021-01-23,1,23,2021
1485,2021-01-24,1,24,2021
1486,2021-01-25,1,25,2021
1487,2021-01-26,1,26,2021
1488,2021-01-27,1,27,2021
1489,2021-01-28,1,28,2021
1490,2021-01-29,1,29,2021
1491,2021-01-30,1,30,2021
1492,2021-01-31,1,31,2021
1493,2021-02-01,2,1,2021
1494,2021-02-02,2,2,2021
1495,2021-02-03,2,3,2021
1496,2021-02-04,2,4,2021
1497,2021-02-05,2,5,2021
1498,2021-02-06,2,6,2021
1499,2021-02-07,2,7,2021
1500,2021-02-08,2,8,2021
1501,2021-02-09,2,9,2021
1502,2021-02-10,2,10,2021
1503,2021-02-11,2,11,2021
1504,2021-02-12,2,12,2021
1505,2021-02-13,2,13,2021
1506,2021-02-14,2,14,2021
1507,2021-02-15,2,15,2021
1508,2021-02-16,2,16,2021
1509,2021-02-17,2,17,2021
1510,2021-02-18,2,18,2021
1511,2021-02-19,2,19,2021
1512,2021-02-20,2,20,2021
1513,2021-02-21,2,21,2021
1514,2021-02-22,2,22,2021
1515,2021-02-23,2,23,2021
1516,2021-02-24,2,24,2021
1517,2021-02-25,2,25,2021
1518,2021-02-26,2,26,2021
1519,2021-02-27,2,27,2021
1520,2021-02-28,2,28,2021
1521,2021-03-01,3,1,2021
1522,2021-03-02,3,2,2021
1523,2021-03-03,3,3,2021
1524,2021-03-04,3,4,2021
1525,2021-03-05,3,5,2021
1526,2021-03-06,3,6,2021
1527,2021-03-07,3,7,2021
1528,2021-03-08,3,8,2021
1529,2021-03-09,3,9,2021
1530,2021-03-10,3,10,2021
1531,2021-03-11,3,11,2021
1532,2021-03-12,3,12,2021
1533,2021-03-13,3,13,2021
1534,2021-03-14,3,14,2021
1535,2021-03-15,3,15,2021
1536,2021-03-16,3,16,2021
1537,2021-03-17,3,17,2021
1538,2021-03-18,3,18,2021
1539,2021-03-19,3,19,2021
1540,2021-03-20,3,20,2021
1541,2021-03-21,3,21,2021
1542,2021-03-22,3,22,2021
1543,2021-03-23,3,23,2021
1544,2021-03-24,3,24,2021
1545,2021-03-25,3,25,2021
1546,2021-03-26,3,26,2021
1547,2021-03-27,3,27,2021
1548,2021-03-28,3,28,2021
1549,2021-03-29,3,29,2021
1550,2021-03-30,3,30,2021
1551,2021-03-31,3,31,2021
1552,2021-04-01,4,1,2021
1553,2021-04-02,4,2,2021
1554,2021-04-03,4,3,2021
1555,2021-04-04,4,4,2021
1556,2021-04-05,4,5,2021
1557,2021-04-06,4,6,2021
1558,2021-04-07,4,7,2021
1559,2021-04-08,4,8,2021
1560,2021-04-09,4,9,2021
1561,2021-04-10,4,10,2021
1562,2021-04-11,4,11,2021
1563,2021-04-12,4,12,2021
1564,2021-04-13,4,13,2021
1565,2021-04-14,4,14,2021
1566,2021-04-15,4,15,2021
1567,2021-04-16,4,16,2021
1568,2021-04-17,4,17,2021
1569,2021-04-18,4,18,2021
1570,2021-04-19,4,19,2021
1571,2021-04-20,4,20,2021
1572,2021-04-21,4,21,2021
1573,2021-04-22,4,22,2021
1574,2021-04-23,4,23,2021
1575,2021-04-24,4,24,2021
1576,2021-04-25,4,25,2021
1577,2021-04-26,4,26,2021
1578,2021-04-27,4,27,2021
1579,2021-04-28,4,28,2021
1580,2021-04-29,4,29,2021
1581,2021-04-30,4,30,2021
1582,2021-05-01,5,1,2021
1583,2021-05-02,5,2,2021
1584,2021-05-03,5,3,2021
1585,2021-05-04,5,4,2021
1586,2021-05-05,5,5,2021
1587,2021-05-06,5,6,2021
1588,2021-05-07,5,7,2021
1589,2021-05-08,5,8,2021
1590,2021-05-09,5,9,2021
1591,2021-05-10,5,10,2021
1592,2021-05-11,5,11,2021
1593,2021-05-12,5,12,2021
1594,2021-05-13,5,13,2021
1595,2021-05-14,5,14,2021
1596,2021-05-15,5,15,2021
1597,2021-05-16,5,16,2021
1598,2021-05-17,5,17,2021
1599,2021-05-18,5,18,2021
1600,2021-05-19,5,19,2021
1601,2021-05-20,5,20,2021
1602,2021-05-21,5,21,2021
1603,2021-05-22,5,22,2021
1604,2021-05-23,5,23,2021
1605,2021-05-24,5,24,2021
1606,2021-05-25,5,25,2021
1607,2021-05-26,5,26,2021
1608,2021-05-27,5,27,2021
1609,2021-05-28,5,28,2021
1610,2021-05-29,5,29,2021
1611,2021-05-30,5,30,2021
1612,2021-05-31,5,31,2021
1613,2021-06-01,6,1,2021
1614,2021-06-02,6,2,2021
1615,2021-06-03,6,3,2021
1616,2021-06-04,6,4,2021
1617,2021-06-05,6,5,2021
1618,2021-06-06,6,6,2021
1619,2021-06-07,6,7,2021
1620,2021-06-08,6,8,2021
1621,2021-06-09,6,9,2021
1622,2021-06-10,6,10,2021
1623,2021-06-11,6,11,2021
1624,2021-06-12,6,12,2021
1625,2021-06-13,6,13,2021
1626,2021-06-14,6,14,2021
1627,2021-06-15,6,15,2021
1628,2021-06-16,6,16,2021
1629,2021-06-17,6,17,2021
1630,2021-06-18,6,18,2021
1631,2021-06-19,6,19,2021
1632,2021-06-20,6,20,2021
1633,2021-06-21,6,21,2021
1634,2021-06-22,6,22,2021
1635,2021-06-23,6,23,2021
1636,2021-06-24,6,24,2021
1637,2021-06-25,6,25,2021
1638,2021-06-26,6,26,2021
1639,2021-06-27,6,27,2021
1640,2021-06-28,6,28,2021
1641,2021-06-29,6,29,2021
1642,2021-06-30,6,30,2021
1643,2021-07-01,7,1,2021
1644,2021-07-02,7,2,2021
1645,2021-07-03,7,3,2021
1646,2021-07-04,7,4,2021
1647,2021-07-05,7,5,2021
1648,2021-07-06,7,6,2021
1649,2021-07-07,7,7,2021
1650,2021-07-08,7,8,2021
1651,2021-07-09,7,9,2021
1652,2021-07-10,7,10,2021
1653,2021-07-11,7,11,2021
1654,2021-07-12,7,12,2021
1655,2021-07-13,7,13,2021
1656,2021-07-14,7,14,2021
1657,2021-07-15,7,15,2021
1658,2021-07-16,7,16,2021
1659,2021-07-17,7,17,2021
1660,2021-07-18,7,18,2021
1661,2021-07-19,7,19,2021
1662,2021-07-20,7,20,2021
1663,2021-07-21,7,21,2021
1664,2021-07-22,7,22,2021
1665,2021-07-23,7,23,2021
1666,2021-07-24,7,24,2021
1667,2021-07-25,7,25,2021
1668,2021-07-26,7,26,2021
1669,2021-07-27,7,27,2021
1670,2021-07-28,7,28,2021
1671,2021-07-29,7,29,2021
1672,2021-07-30,7,30,2021
1673,2021-07-31,7,31,2021
1674,2021-08-01,8,1,2021
1675,2021-08-02,8,2,2021
1676,2021-08-03,8,3,2021
1677,2021-08-04,8,4,2021
1678,2021-08-05,8,5,2021
1679,2021-08-06,8,6,2021
1680,2021-08-07,8,7,2021
1681,2021-08-08,8,8,2021
1682,2021-08-09,8,9,2021
1683,2021-08-10,8,10,2021
1684,2021-08-11,8,11,2021
1685,2021-08-12,8,12,2021
1686,2021-08-13,8,13,2021
1687,2021-08-14,8,14,2021
1688,2021-08-15,8,15,2021
1689,2021-08-16,8,16,2021
1690,2021-08-17,8,17,2021
1691,2021-08-18,8,18,2021
1692,2021-08-19,8,19,2021
1693,2021-08-20,8,20,2021
1694,2021-08-21,8,21,2021
1695,2021-08-22,8,22,2021
1696,2021-08-23,8,23,2021
1697,2021-08-24,8,24,2021
1698,2021-08-25,8,25,2021
1699,2021-08-26,8,26,2021
1700,2021-08-27,8,27,2021
1701,2021-08-28,8,28,2021
1702,2021-08-29,8,29,2021
1703,2021-08-30,8,30,2021
1704,2021-08-31,8,31,2021
1705,2021-09-01,9,1,2021
1706,2021-09-02,9,2,2021
1707,2021-09-03,9,3,2021
1708,2021-09-04,9,4,2021
1709,2021-09-05,9,5,2021
1710,2021-09-06,9,6,2021
1711,2021-09-07,9,7,2021
1712,2021-09-08,9,8,2021
1713,2021-09-09,9,9,2021
1714,2021-09-10,9,10,2021
1715,2021-09-11,9,11,2021
1716,2021-09-12,9,12,2021
1717,2021-09-13,9,13,2021
1718,2021-09-14,9,14,2021
1719,2021-09-15,9,15,2021
1720,2021-09-16,9,16,2021
1721,2021-09-17,9,17,2021
1722,2021-09-18,9,18,2021
1723,2021-09-19,9,19,2021
1724,2021-09-20,9,20,2021
1725,2021-09-21,9,21,2021
1726,2021-09-22,9,22,2021
1727,2021-09-23,9,23,2021
1728,2021-09-24,9,24,2021
1729,2021-09-25,9,25,2021
1730,2021-09-26,9,26,2021
1731,2021-09-27,9,27,2021
1732,2021-09-28,9,28,2021
1733,2021-09-29,9,29,2021
1734,2021-09-30,9,30,2021
1735,2021-10-01,10,1,2021
1736,2021-10-02,10,2,2021
1737,2021-10-03,10,3,2021
1738,2021-10-04,10,4,2021
1739,2021-10-05,10,5,2021
1740,2021-10-06,10,6,2021
1741,2021-10-07,10,7,2021
1742,2021-10-08,10,8,2021
1743,2021-10-09,10,9,2021
1744,2021-10-10,10,10,2021
1745,2021-10-11,10,11,2021
1746,2021-10-12,10,12,2021
1747,2021-10-13,10,13,2021
1748,2021-10-14,10,14,2021
1749,2021-10-15,10,15,2021
1750,2021-10-16,10,16,2021
1751,2021-10-17,10,17,2021
1752,2021-10-18,10,18,2021
1753,2021-10-19,10,19,2021
1754,2021-10-20,10,20,2021
1755,2021-10-21,10,21,2021
1756,2021-10-22,10,22,2021
1757,2021-10-23,10,23,2021
1758,2021-10-24,10,24,2021
1759,2021-10-25,10,25,2021
1760,2021-10-26,10,26,2021
1761,2021-10-27,10,27,2021
1762,2021-10-28,10,28,2021
1763,2021-10-29,10,29,2021
1764,2021-10-30,10,30,2021
1765,2021-10-31,10,31,2021
1766,2021-11-01,11,1,2021
1767,2021-11-02,11,2,2021
1768,2021-11-03,11,3,2021
1769,2021-11-04,11,4,2021
1770,2021-11-05,11,5,2021
1771,2021-11-06,11,6,2021
1772,2021-11-07,11,7,2021
1773,2021-11-08,11,8,2021
1774,2021-11-09,11,9,2021
1775,2021-11-10,11,10,2021
1776,2021-11-11,11,11,2021
1777,2021-11-12,11,12,2021
1778,2021-11-13,11,13,2021
1779,2021-11-14,11,14,2021
1780,2021-11-15,11,15,2021
1781,2021-11-16,11,16,2021
1782,2021-11-17,11,17,2021
1783,2021-11-18,11,18,2021
1784,2021-11-19,11,19,2021
1785,2021-11-20,11,20,2021
1786,2021-11-21,11,21,2021
1787,2021-11-22,11,22,2021
1788,2021-11-23,11,23,2021
1789,2021-11-24,11,24,2021
1790,2021-11-25,11,25,2021
1791,2021-11-26,11,26,2021
1792,2021-11-27,11,27,2021
1793,2021-11-28,11,28,2021
1794,2021-11-29,11,29,2021
1795,2021-11-30,11,30,2021
1796,2021-12-01,12,1,2021
1797,2021-12-02,12,2,2021
1798,2021-12-03,12,3,2021
1799,2021-12-04,12,4,2021
1800,2021-12-05,12,5,2021
1801,2021-12-06,12,6,2021
1802,2021-12-07,12,7,2021
1803,2021-12-08,12,8,2021
1804,2021-12-09,12,9,2021
1805,2021-12-10,12,10,2021
1806,2021-12-11,12,11,2021
1807,2021-12-12,12,12,2021
1808,2021-12-13,12,13,2021
1809,2021-12-14,12,14,2021
1810,2021-12-15,12,15,2021
1811,2021-12-16,12,16,2021
1812,2021-12-17,12,17,2021
1813,2021-12-18,12,18,2021
1814,2021-12-19,12,19,2021
1815,2021-12-20,12,20,2021
1816,2021-12-21,12,21,2021
1817,2021-12-22,12,22,2021
1818,2021-12-23,12,23,2021
1819,2021-12-24,12,24,2021
1820,2021-12-25,12,25,2021
1821,2021-12-26,12,26,2021
1822,2021-12-27,12,27,2021
1823,2021-12-28,12,28,2021
1824,2021-12-29,12,29,2021
1825,2021-12-30,12,30,2021
1826,2021-12-31,12,31,2021
1827,2022-01-01,1,1,2022
1828,2022-01-02,1,2,2022
1829,2022-01-03,1,3,2022
1830,2022-01-04,1,4,2022
1831,2022-01-05,1,5,2022
1832,2022-01-06,1,6,2022
1833,2022-01-07,1,7,2022
1834,2022-01-08,1,8,2022
1835,2022-01-09,1,9,2022
1836,2022-01-10,1,10,2022
1837,2022-01-11,1,11,2022
1838,2022-01-12,1,12,2022
1839,2022-01-13,1,13,2022
1840,2022-01-14,1,14,2022
1841,2022-01-15,1,15,2022
1842,2022-01-16,1,16,2022
1843,2022-01-17,1,17,2022
1844,2022-01-18,1,18,2022
1845,2022-01-19,1,19,2022
1846,2022-01-20,1,20,2022
1847,2022-01-21,1,21,2022
1848,2022-01-22,1,22,2022
1849,2022-01-23,1,23,2022
1850,2022-01-24,1,24,2022
1851,2022-01-25,1,25,2022
1852,2022-01-26,1,26,2022
1853,2022-01-27,1,27,2022
1854,2022-01-28,1,28,2022
1855,2022-01-29,1,29,2022
1856,2022-01-30,1,30,2022
1857,2022-01-31,1,31,2022
1858,2022-02-01,2,1,2022
1859,2022-02-02,2,2,2022
1860,2022-02-03,2,3,2022
1861,2022-02-04,2,4,2022
1862,2022-02-05,2,5,2022
1863,2022-02-06,2,6,2022
1864,2022-02-07,2,7,2022
1865,2022-02-08,2,8,2022
1866,2022-02-09,2,9,2022
1867,2022-02-10,2,10,2022
1868,2022-02-11,2,11,2022
1869,2022-02-12,2,12,2022
1870,2022-02-13,2,13,2022
1871,2022-02-14,2,14,2022
1872,2022-02-15,2,15,2022
1873,2022-02-16,2,16,2022
1874,2022-02-17,2,17,2022
1875,2022-02-18,2,18,2022
1876,2022-02-19,2,19,2022
1877,2022-02-20,2,20,2022
1878,2022-02-21,2,21,2022
1879,2022-02-22,2,22,2022
1880,2022-02-23,2,23,2022
1881,2022-02-24,2,24,2022
1882,2022-02-25,2,25,2022
1883,2022-02-26,2,26,2022
1884,2022-02-27,2,27,2022
1885,2022-02-28,2,28,2022
1886,2022-03-01,3,1,2022
1887,2022-03-02,3,2,2022
1888,2022-03-03,3,3,2022
1889,2022-03-04,3,4,2022
1890,2022-03-05,3,5,2022
1891,2022-03-06,3,6,2022
1892,2022-03-07,3,7,2022
1893,2022-03-08,3,8,2022
1894,2022-03-09,3,9,2022
1895,2022-03-10,3,10,2022
1896,2022-03-11,3,11,2022
1897,2022-03-12,3,12,2022
1898,2022-03-13,3,13,2022
1899,2022-03-14,3,14,2022
1900,2022-03-15,3,15,2022
1901,2022-03-16,3,16,2022
1902,2022-03-17,3,17,2022
1903,2022-03-18,3,18,2022
1904,2022-03-19,3,19,2022
1905,2022-03-20,3,20,2022
1906,2022-03-21,3,21,2022
1907,2022-03-22,3,22,2022
1908,2022-03-23,3,23,2022
1909,2022-03-24,3,24,2022
1910,2022-03-25,3,25,2022
1911,2022-03-26,3,26,2022
1912,2022-03-27,3,27,2022
1913,2022-03-28,3,28,2022
1914,2022-03-29,3,29,2022
1915,2022-03-30,3,30,2022
1916,2022-03-31,3,31,2022
1917,2022-04-01,4,1,2022
1918,2022-04-02,4,2,2022
1919,2022-04-03,4,3,2022
1920,2022-04-04,4,4,2022
1921,2022-04-05,4,5,2022
1922,2022-04-06,4,6,2022
1923,2022-04-07,4,7,2022
1924,2022-04-08,4,8,2022
1925,2022-04-09,4,9,2022
1926,2022-04-10,4,10,2022
1927,2022-04-11,4,11,2022
1928,2022-04-12,4,12,2022
1929,2022-04-13,4,13,2022
1930,2022-04-14,4,14,2022
1931,2022-04-15,4,15,2022
1932,2022-04-16,4,16,2022
1933,2022-04-17,4,17,2022
1934,2022-04-18,4,18,2022
1935,2022-04-19,4,19,2022
1936,2022-04-20,4,20,2022
1937,2022-04-21,4,21,2022
1938,2022-04-22,4,22,2022
1939,2022-04-23,4,23,2022
1940,2022-04-24,4,24,2022
1941,2022-04-25,4,25,2022
1942,2022-04-26,4,26,2022
1943,2022-04-27,4,27,2022
1944,2022-04-28,4,28,2022
1945,2022-04-29,4,29,2022
1946,2022-04-30,4,30,2022
1947,2022-05-01,5,1,2022
1948,2022-05-02,5,2,2022
1949,2022-05-03,5,3,2022
1950,2022-05-04,5,4,2022
1951,2022-05-05,5,5,2022
1952,2022-05-06,5,6,2022
1953,2022-05-07,5,7,2022
1954,2022-05-08,5,8,2022
1955,2022-05-09,5,9,2022
1956,2022-05-10,5,10,2022
1957,2022-05-11,5,11,2022
1958,2022-05-12,5,12,2022
1959,2022-05-13,5,13,2022
1960,2022-05-14,5,14,2022
1961,2022-05-15,5,15,2022
1962,2022-05-16,5,16,2022
1963,2022-05-17,5,17,2022
1964,2022-05-18,5,18,2022
1965,2022-05-19,5,19,2022
1966,2022-05-20,5,20,2022
1967,2022-05-21,5,21,2022
1968,2022-05-22,5,22,2022
1969,2022-05-23,5,23,2022
1970,2022-05-24,5,24,2022
1971,2022-05-25,5,25,2022
1972,2022-05-26,5,26,2022
1973,2022-05-27,5,27,2022
1974,2022-05-28,5,28,2022
1975,2022-05-29,5,29,2022
1976,2022-05-30,5,30,2022
1977,2022-05-31,5,31,2022
1978,2022-06-01,6,1,2022
1979,2022-06-02,6,2,2022
1980,2022-06-03,6,3,2022
1981,2022-06-04,6,4,2022
1982,2022-06-05,6,5,2022
1983,2022-06-06,6,6,2022
1984,2022-06-07,6,7,2022
1985,2022-06-08,6,8,2022
1986,2022-06-09,6,9,2022
1987,2022-06-10,6,10,2022
1988,2022-06-11,6,11,2022
1989,2022-06-12,6,12,2022
1990,2022-06-13,6,13,2022
1991,2022-06-14,6,14,2022
1992,2022-06-15,6,15,2022
1993,2022-06-16,6,16,2022
1994,2022-06-17,6,17,2022
1995,2022-06-18,6,18,2022
1996,2022-06-19,6,19,2022
1997,2022-06-20,6,20,2022
1998,2022-06-21,6,21,2022
1999,2022-06-22,6,22,2022
2000,2022-06-23,6,23,2022
2001,2022-06-24,6,24,2022
2002,2022-06-25,6,25,2022
2003,2022-06-26,6,26,2022
2004,2022-06-27,6,27,2022
2005,2022-06-28,6,28,2022
2006,2022-06-29,6,29,2022
2007,2022-06-30,6,30,2022
2008,2022-07-01,7,1,2022
2009,2022-07-02,7,2,2022
2010,2022-07-03,7,3,2022
2011,2022-07-04,7,4,2022
2012,2022-07-05,7,5,2022
2013,2022-07-06,7,6,2022
2014,2022-07-07,7,7,2022
2015,2022-07-08,7,8,2022
2016,2022-07-09,7,9,2022
2017,2022-07-10,7,10,2022
2018,2022-07-11,7,11,2022
2019,2022-07-12,7,12,2022
2020,2022-07-13,7,13,2022
2021,2022-07-14,7,14,2022
2022,2022-07-15,7,15,2022
2023,2022-07-16,7,16,2022
2024,2022-07-17,7,17,2022
2025,2022-07-18,7,18,2022
2026,2022-07-19,7,19,2022
2027,2022-07-20,7,20,2022
2028,2022-07-21,7,21,2022
2029,2022-07-22,7,22,2022
2030,2022-07-23,7,23,2022
2031,2022-07-24,7,24,2022
2032,2022-07-25,7,25,2022
2033,2022-07-26,7,26,2022
2034,2022-07-27,7,27,2022
2035,2022-07-28,7,28,2022
2036,2022-07-29,7,29,2022
2037,2022-07-30,7,30,2022
2038,2022-07-31,7,31,2022
2039,2022-08-01,8,1,2022
2040,2022-08-02,8,2,2022
2041,2022-08-03,8,3,2022
2042,2022-08-04,8,4,2022
2043,2022-08-05,8,5,2022
2044,2022-08-06,8,6,2022
2045,2022-08-07,8,7,2022
2046,2022-08-08,8,8,2022
2047,2022-08-09,8,9,2022
2048,2022-08-10,8,10,2022
2049,2022-08-11,8,11,2022
2050,2022-08-12,8,12,2022
2051,2022-08-13,8,13,2022
2052,2022-08-14,8,14,2022
2053,2022-08-15,8,15,2022
2054,2022-08-16,8,16,2022
2055,2022-08-17,8,17,2022
2056,2022-08-18,8,18,2022
2057,2022-08-19,8,19,2022
2058,2022-08-20,8,20,2022
2059,2022-08-21,8,21,2022
2060,2022-08-22,8,22,2022
2061,2022-08-23,8,23,2022
2062,2022-08-24,8,24,2022
2063,2022-08-25,8,25,2022
2064,2022-08-26,8,26,2022
2065,2022-08-27,8,27,2022
2066,2022-08-28,8,28,2022
2067,2022-08-29,8,29,2022
2068,2022-08-30,8,30,2022
2069,2022-08-31,8,31,2022
2070,2022-09-01,9,1,2022
2071,2022-09-02,9,2,2022
2072,2022-09-03,9,3,2022
2073,2022-09-04,9,4,2022
2074,2022-09-05,9,5,2022
2075,2022-09-06,9,6,2022
2076,2022-09-07,9,7,2022
2077,2022-09-08,9,8,2022
2078,2022-09-09,9,9,2022
2079,2022-09-10,9,10,2022
2080,2022-09-11,9,11,2022
2081,2022-09-12,9,12,2022
2082,2022-09-13,9,13,2022
2083,2022-09-14,9,14,2022
2084,2022-09-15,9,15,2022
2085,2022-09-16,9,16,2022
2086,2022-09-17,9,17,2022
2087,2022-09-18,9,18,2022
2088,2022-09-19,9,19,2022
2089,2022-09-20,9,20,2022
2090,2022-09-21,9,21,2022
2091,2022-09-22,9,22,2022
2092,2022-09-23,9,23,2022
2093,2022-09-24,9,24,2022
2094,2022-09-25,9,25,2022
2095,2022-09-26,9,26,2022
2096,2022-09-27,9,27,2022
2097,2022-09-28,9,28,2022
2098,2022-09-29,9,29,2022
2099,2022-09-30,9,30,2022
2100,2022-10-01,10,1,2022
2101,2022-10-02,10,2,2022
2102,2022-10-03,10,3,2022
2103,2022-10-04,10,4,2022
2104,2022-10-05,10,5,2022
2105,2022-10-06,10,6,2022
2106,2022-10-07,10,7,2022
2107,2022-10-08,10,8,2022
2108,2022-10-09,10,9,2022
2109,2022-10-10,10,10,2022
2110,2022-10-11,10,11,2022
2111,2022-10-12,10,12,2022
2112,2022-10-13,10,13,2022
2113,2022-10-14,10,14,2022
2114,2022-10-15,10,15,2022
2115,2022-10-16,10,16,2022
2116,2022-10-17,10,17,2022
2117,2022-10-18,10,18,2022
2118,2022-10-19,10,19,2022
2119,2022-10-20,10,20,2022
2120,2022-10-21,10,21,2022
2121,2022-10-22,10,22,2022
2122,2022-10-23,10,23,2022
2123,2022-10-24,10,24,2022
2124,2022-10-25,10,25,2022
2125,2022-10-26,10,26,2022
2126,2022-10-27,10,27,2022
2127,2022-10-28,10,28,2022
2128,2022-10-29,10,29,2022
2129,2022-10-30,10,30,2022
2130,2022-10-31,10,31,2022
2131,2022-11-01,11,1,2022
2132,2022-11-02,11,2,2022
2133,2022-11-03,11,3,2022
2134,2022-11-04,11,4,2022
2135,2022-11-05,11,5,2022
2136,2022-11-06,11,6,2022
2137,2022-11-07,11,7,2022
2138,2022-11-08,11,8,2022
2139,2022-11-09,11,9,2022
2140,2022-11-10,11,10,2022
2141,2022-11-11,11,11,2022
2142,2022-11-12,11,12,2022
2143,2022-11-13,11,13,2022
2144,2022-11-14,11,14,2022
2145,2022-11-15,11,15,2022
2146,2022-11-16,11,16,2022
2147,2022-11-17,11,17,2022
2148,2022-11-18,11,18,2022
2149,2022-11-19,11,19,2022
2150,2022-11-20,11,20,2022
2151,2022-11-21,11,21,2022
2152,2022-11-22,11,22,2022
2153,2022-11-23,11,23,2022
2154,2022-11-24,11,24,2022
2155,2022-11-25,11,25,2022
2156,2022-11-26,11,26,2022
2157,2022-11-27,11,27,2022
2158,2022-11-28,11,28,2022
2159,2022-11-29,11,29,2022
2160,2022-11-30,11,30,2022
2161,2022-12-01,12,1,2022
2162,2022-12-02,12,2,2022
2163,2022-12-03,12,3,2022
2164,2022-12-04,12,4,2022
2165,2022-12-05,12,5,2022
2166,2022-12-06,12,6,2022
2167,2022-12-07,12,7,2022
2168,2022-12-08,12,8,2022
2169,2022-12-09,12,9,2022
2170,2022-12-10,12,10,2022
2171,2022-12-11,12,11,2022
2172,2022-12-12,12,12,2022
2173,2022-12-13,12,13,2022
2174,2022-12-14,12,14,2022
2175,2022-12-15,12,15,2022
2176,2022-12-16,12,16,2022
2177,2022-12-17,12,17,2022
2178,2022-12-18,12,18,2022
2179,2022-12-19,12,19,2022
2180,2022-12-20,12,20,2022
2181,2022-12-21,12,21,2022
2182,2022-12-22,12,22,2022
2183,2022-12-23,12,23,2022
2184,2022-12-24,12,24,2022
2185,2022-12-25,12,25,2022
2186,2022-12-26,12,26,2022
2187,2022-12-27,12,27,2022
2188,2022-12-28,12,28,2022
2189,2022-12-29,12,29,2022
2190,2022-12-30,12,30,2022
2191,2022-12-31,12,31,2022
2192,2023-01-01,1,1,2023
2193,2023-01-02,1,2,2023
2194,2023-01-03,1,3,2023
2195,2023-01-04,1,4,2023
2196,2023-01-05,1,5,2023
2197,2023-01-06,1,6,2023
2198,2023-01-07,1,7,2023
2199,2023-01-08,1,8,2023
2200,2023-01-09,1,9,2023
2201,2023-01-10,1,10,2023
2202,2023-01-11,1,11,2023
2203,2023-01-12,1,12,2023
2204,2023-01-13,1,13,2023
2205,2023-01-14,1,14,2023
2206,2023-01-15,1,15,2023
2207,2023-01-16,1,16,2023
2208,2023-01-17,1,17,2023
2209,2023-01-18,1,18,2023
2210,2023-01-19,1,19,2023
2211,2023-01-20,1,20,2023
2212,2023-01-21,1,21,2023
2213,2023-01-22,1,22,2023
2214,2023-01-23,1,23,2023
2215,2023-01-24,1,24,2023
2216,2023-01-25,1,25,2023
2217,2023-01-26,1,26,2023
2218,2023-01-27,1,27,2023
2219,2023-01-28,1,28,2023
2220,2023-01-29,1,29,2023
2221,2023-01-30,1,30,2023
2222,2023-01-31,1,31,2023
2223,2023-02-01,2,1,2023
2224,2023-02-02,2,2,2023
2225,2023-02-03,2,3,2023
2226,2023-02-04,2,4,2023
2227,2023-02-05,2,5,2023
2228,2023-02-06,2,6,2023
2229,2023-02-07,2,7,2023
2230,2023-02-08,2,8,2023
2231,2023-02-09,2,9,2023
2232,2023-02-10,2,10,2023
2233,2023-02-11,2,11,2023
2234,2023-02-12,2,12,2023
2235,2023-02-13,2,13,2023
2236,2023-02-14,2,14,2023
2237,2023-02-15,2,15,2023
2238,2023-02-16,2,16,2023
2239,2023-02-17,2,17,2023
2240,2023-02-18,2,18,2023
2241,2023-02-19,2,19,2023
2242,2023-02-20,2,20,2023
2243,2023-02-21,2,21,2023
2244,2023-02-22,2,22,2023
2245,2023-02-23,2,23,2023
2246,2023-02-24,2,24,2023
2247,2023-02-25,2,25,2023
2248,2023-02-26,2,26,2023
2249,2023-02-27,2,27,2023
2250,2023-02-28,2,28,2023
2251,2023-03-01,3,1,2023
2252,2023-03-02,3,2,2023
2253,2023-03-03,3,3,2023
2254,2023-03-04,3,4,2023
2255,2023-03-05,3,5,2023
2256,2023-03-06,3,6,2023
2257,2023-03-07,3,7,2023
2258,2023-03-08,3,8,2023
2259,2023-03-09,3,9,2023
2260,2023-03-10,3,10,2023
2261,2023-03-11,3,11,2023
2262,2023-03-12,3,12,2023
2263,2023-03-13,3,13,2023
2264,2023-03-14,3,14,2023
2265,2023-03-15,3,15,2023
2266,2023-03-16,3,16,2023
2267,2023-03-17,3,17,2023
2268,2023-03-18,3,18,2023
2269,2023-03-19,3,19,2023
2270,2023-03-20,3,20,2023
2271,2023-03-21,3,21,2023
2272,2023-03-22,3,22,2023
2273,2023-03-23,3,23,2023
2274,2023-03-24,3,24,2023
2275,2023-03-25,3,25,2023
2276,2023-03-26,3,26,2023
2277,2023-03-27,3,27,2023
2278,2023-03-28,3,28,2023
2279,2023-03-29,3,29,2023
2280,2023-03-30,3,30,2023
2281,2023-03-31,3,31,2023
2282,2023-04-01,4,1,2023
2283,2023-04-02,4,2,2023
2284,2023-04-03,4,3,2023
2285,2023-04-04,4,4,2023
2286,2023-04-05,4,5,2023
2287,2023-04-06,4,6,2023
2288,2023-04-07,4,7,2023
2289,2023-04-08,4,8,2023
2290,2023-04-09,4,9,2023
2291,2023-04-10,4,10,2023
2292,2023-04-11,4,11,2023
2293,2023-04-12,4,12,2023
2294,2023-04-13,4,13,2023
2295,2023-04-14,4,14,2023
2296,2023-04-15,4,15,2023
2297,2023-04-16,4,16,2023
2298,2023-04-17,4,17,2023
2299,2023-04-18,4,18,2023
2300,2023-04-19,4,19,2023
2301,2023-04-20,4,20,2023
2302,2023-04-21,4,21,2023
2303,2023-04-22,4,22,2023
2304,2023-04-23,4,23,2023
2305,2023-04-24,4,24,2023
2306,2023-04-25,4,25,2023
2307,2023-04-26,4,26,2023
2308,2023-04-27,4,27,2023
2309,2023-04-28,4,28,2023
2310,2023-04-29,4,29,2023
2311,2023-04-30,4,30,2023
2312,2023-05-01,5,1,2023
2313,2023-05-02,5,2,2023
2314,2023-05-03,5,3,2023
2315,2023-05-04,5,4,2023
2316,2023-05-05,5,5,2023
2317,2023-05-06,5,6,2023
2318,2023-05-07,5,7,2023
2319,2023-05-08,5,8,2023
2320,2023-05-09,5,9,2023
2321,2023-05-10,5,10,2023
2322,2023-05-11,5,11,2023
2323,2023-05-12,5,12,2023
2324,2023-05-13,5,13,2023
2325,2023-05-14,5,14,2023
2326,2023-05-15,5,15,2023
2327,2023-05-16,5,16,2023
2328,2023-05-17,5,17,2023
2329,2023-05-18,5,18,2023
2330,2023-05-19,5,19,2023
2331,2023-05-20,5,20,2023
2332,2023-05-21,5,21,2023
2333,2023-05-22,5,22,2023
2334,2023-05-23,5,23,2023
2335,2023-05-24,5,24,2023
2336,2023-05-25,5,25,2023
2337,2023-05-26,5,26,2023
2338,2023-05-27,5,27,2023
2339,2023-05-28,5,28,2023
2340,2023-05-29,5,29,2023
2341,2023-05-30,5,30,2023
2342,2023-05-31,5,31,2023
2343,2023-06-01,6,1,2023
2344,2023-06-02,6,2,2023
2345,2023-06-03,6,3,2023
2346,2023-06-04,6,4,2023
2347,2023-06-05,6,5,2023
2348,2023-06-06,6,6,2023
2349,2023-06-07,6,7,2023
2350,2023-06-08,6,8,2023
2351,2023-06-09,6,9,2023
2352,2023-06-10,6,10,2023
2353,2023-06-11,6,11,2023
2354,2023-06-12,6,12,2023
2355,2023-06-13,6,13,2023
2356,2023-06-14,6,14,2023
2357,2023-06-15,6,15,2023
2358,2023-06-16,6,16,2023
2359,2023-06-17,6,17,2023
2360,2023-06-18,6,18,2023
2361,2023-06-19,6,19,2023
2362,2023-06-20,6,20,2023
2363,2023-06-21,6,21,2023
2364,2023-06-22,6,22,2023
2365,2023-06-23,6,23,2023
2366,2023-06-24,6,24,2023
2367,2023-06-25,6,25,2023
2368,2023-06-26,6,26,2023
2369,2023-06-27,6,27,2023
2370,2023-06-28,6,28,2023
2371,2023-06-29,6,29,2023
2372,2023-06-30,6,30,2023
2373,2023-07-01,7,1,2023
2374,2023-07-02,7,2,2023
2375,2023-07-03,7,3,2023
2376,2023-07-04,7,4,2023
2377,2023-07-05,7,5,2023
2378,2023-07-06,7,6,2023
2379,2023-07-07,7,7,2023
2380,2023-07-08,7,8,2023
2381,2023-07-09,7,9,2023
2382,2023-07-10,7,10,2023
2383,2023-07-11,7,11,2023
2384,2023-07-12,7,12,2023
2385,2023-07-13,7,13,2023
2386,2023-07-14,7,14,2023
2387,2023-07-15,7,15,2023
2388,2023-07-16,7,16,2023
2389,2023-07-17,7,17,2023
2390,2023-07-18,7,18,2023
2391,2023-07-19,7,19,2023
2392,2023-07-20,7,20,2023
2393,2023-07-21,7,21,2023
2394,2023-07-22,7,22,2023
2395,2023-07-23,7,23,2023
2396,2023-07-24,7,24,2023
2397,2023-07-25,7,25,2023
2398,2023-07-26,7,26,2023
2399,2023-07-27,7,27,2023
2400,2023-07-28,7,28,2023
2401,2023-07-29,7,29,2023
2402,2023-07-30,7,30,2023
2403,2023-07-31,7,31,2023
2404,2023-08-01,8,1,2023
2405,2023-08-02,8,2,2023
2406,2023-08-03,8,3,2023
2407,2023-08-04,8,4,2023
2408,2023-08-05,8,5,2023
2409,2023-08-06,8,6,2023
2410,2023-08-07,8,7,2023
2411,2023-08-08,8,8,2023
2412,2023-08-09,8,9,2023
2413,2023-08-10,8,10,2023
2414,2023-08-11,8,11,2023
2415,2023-08-12,8,12,2023
2416,2023-08-13,8,13,2023
2417,2023-08-14,8,14,2023
2418,2023-08-15,8,15,2023
2419,2023-08-16,8,16,2023
2420,2023-08-17,8,17,2023
2421,2023-08-18,8,18,2023
2422,2023-08-19,8,19,2023
2423,2023-08-20,8,20,2023
2424,2023-08-21,8,21,2023
2425,2023-08-22,8,22,2023
2426,2023-08-23,8,23,2023
2427,2023-08-24,8,24,2023
2428,2023-08-25,8,25,2023
2429,2023-08-26,8,26,2023
2430,2023-08-27,8,27,2023
2431,2023-08-28,8,28,2023
2432,2023-08-29,8,29,2023
2433,2023-08-30,8,30,2023
2434,2023-08-31,8,31,2023
2435,2023-09-01,9,1,2023
2436,2023-09-02,9,2,2023
2437,2023-09-03,9,3,2023
2438,2023-09-04,9,4,2023
2439,2023-09-05,9,5,2023
2440,2023-09-06,9,6,2023
2441,2023-09-07,9,7,2023
2442,2023-09-08,9,8,2023
2443,2023-09-09,9,9,2023
2444,2023-09-10,9,10,2023
2445,2023-09-11,9,11,2023
2446,2023-09-12,9,12,2023
2447,2023-09-13,9,13,2023
2448,2023-09-14,9,14,2023
2449,2023-09-15,9,15,2023
2450,2023-09-16,9,16,2023
2451,2023-09-17,9,17,2023
2452,2023-09-18,9,18,2023
2453,2023-09-19,9,19,2023
2454,2023-09-20,9,20,2023
2455,2023-09-21,9,21,2023
2456,2023-09-22,9,22,2023
2457,2023-09-23,9,23,2023
2458,2023-09-24,9,24,2023
2459,2023-09-25,9,25,2023
2460,2023-09-26,9,26,2023
2461,2023-09-27,9,27,2023
2462,2023-09-28,9,28,2023
2463,2023-09-29,9,29,2023
2464,2023-09-30,9,30,2023
2465,2023-10-01,10,1,2023
2466,2023-10-02,10,2,2023
2467,2023-10-03,10,3,2023
2468,2023-10-04,10,4,2023
2469,2023-10-05,10,5,2023
2470,2023-10-06,10,6,2023
2471,2023-10-07,10,7,2023
2472,2023-10-08,10,8,2023
2473,2023-10-09,10,9,2023
2474,2023-10-10,10,10,2023
2475,2023-10-11,10,11,2023
2476,2023-10-12,10,12,2023
2477,2023-10-13,10,13,2023
2478,2023-10-14,10,14,2023
2479,2023-10-15,10,15,2023
2480,2023-10-16,10,16,2023
2481,2023-10-17,10,17,2023
2482,2023-10-18,10,18,2023
2483,2023-10-19,10,19,2023
2484,2023-10-20,10,20,2023
2485,2023-10-21,10,21,2023
2486,2023-10-22,10,22,2023
2487,2023-10-23,10,23,2023
2488,2023-10-24,10,24,2023
2489,2023-10-25,10,25,2023
2490,2023-10-26,10,26,2023
2491,2023-10-27,10,27,2023
2492,2023-10-28,10,28,2023
2493,2023-10-29,10,29,2023
2494,2023-10-30,10,30,2023
2495,2023-10-31,10,31,2023
2496,2023-11-01,11,1,2023
2497,2023-11-02,11,2,2023
2498,2023-11-03,11,3,2023
2499,2023-11-04,11,4,2023
2500,2023-11-05,11,5,2023
2501,2023-11-06,11,6,2023
2502,2023-11-07,11,7,2023
2503,2023-11-08,11,8,2023
2504,2023-11-09,11,9,2023
2505,2023-11-10,11,10,2023
2506,2023-11-11,11,11,2023
2507,2023-11-12,11,12,2023
2508,2023-11-13,11,13,2023
2509,2023-11-14,11,14,2023
2510,2023-11-15,11,15,2023
2511,2023-11-16,11,16,2023
2512,2023-11-17,11,17,2023
2513,2023-11-18,11,18,2023
2514,2023-11-19,11,19,2023
2515,2023-11-20,11,20,2023
2516,2023-11-21,11,21,2023
2517,2023-11-22,11,22,2023
2518,2023-11-23,11,23,2023
2519,2023-11-24,11,24,2023
2520,2023-11-25,11,25,2023
2521,2023-11-26,11,26,2023
2522,2023-11-27,11,27,2023
2523,2023-11-28,11,28,2023
2524,2023-11-29,11,29,2023
2525,2023-11-30,11,30,2023
2526,2023-12-01,12,1,2023
2527,2023-12-02,12,2,2023
2528,2023-12-03,12,3,2023
2529,2023-12-04,12,4,2023
2530,2023-12-05,12,5,2023
2531,2023-12-06,12,6,2023
2532,2023-12-07,12,7,2023
2533,2023-12-08,12,8,2023
2534,2023-12-09,12,9,2023
2535,2023-12-10,12,10,2023
2536,2023-12-11,12,11,2023
2537,2023-12-12,12,12,2023
2538,2023-12-13,12,13,2023
2539,2023-12-14,12,14,2023
2540,2023-12-15,12,15,2023
2541,2023-12-16,12,16,2023
2542,2023-12-17,12,17,2023
2543,2023-12-18,12,18,2023
2544,2023-12-19,12,19,2023
2545,2023-12-20,12,20,2023
2546,2023-12-21,12,21,2023
2547,2023-12-22,12,22,2023
2548,2023-12-23,12,23,2023
2549,2023-12-24,12,24,2023
2550,2023-12-25,12,25,2023
2551,2023-12-26,12,26,2023
2552,2023-12-27,12,27,2023
2553,2023-12-28,12,28,2023
2554,2023-12-29,12,29,2023
2555,2023-12-30,12,30,2023
2556,2023-12-31,12,31,2023
